Rep,Bloc,Souche,Traitement,Piq,6,Sem,Cro
CanCBact1,1,Canada,C,Bact,378.7,7,303.7
CanCBact1,1,Canada,C,Bact,378.7,8,556
CanCBact1,1,Canada,C,Bact,378.7,9,750.0999999999999
CanCBact1,1,Canada,C,Bact,378.7,10,977.7444444444443
CanCBact1,1,Canada,C,Bact,378.7,11,998.3
CanCBact10,10,Canada,C,Bact,334,7,206.55555555555554
CanCBact10,10,Canada,C,Bact,334,8,469.66666666666663
CanCBact10,10,Canada,C,Bact,334,9,658.1111111111111
CanCBact10,10,Canada,C,Bact,334,10,987
CanCBact10,10,Canada,C,Bact,334,11,966.5
CanCBact2,2,Canada,C,Bact,330.6,7,262.29999999999995
CanCBact2,2,Canada,C,Bact,330.6,8,574.6999999999999
CanCBact2,2,Canada,C,Bact,330.6,9,746.1
CanCBact2,2,Canada,C,Bact,330.6,10,999.8000000000001
CanCBact2,2,Canada,C,Bact,330.6,11,1032.15
CanCBact3,3,Canada,C,Bact,403.6,7,277.29999999999995
CanCBact3,3,Canada,C,Bact,403.6,8,616.4
CanCBact3,3,Canada,C,Bact,403.6,9,818.15
CanCBact3,3,Canada,C,Bact,403.6,10,1079.542857142857
CanCBact3,3,Canada,C,Bact,403.6,11,1235.1999999999998
CanCBact4,4,Canada,C,Bact,430.6,7,274
CanCBact4,4,Canada,C,Bact,430.6,8,601.5111111111111
CanCBact4,4,Canada,C,Bact,430.6,9,700.025
CanCBact4,4,Canada,C,Bact,430.6,10,845.275
CanCBact4,4,Canada,C,Bact,430.6,11,946.7333333333332
CanCBact5,5,Canada,C,Bact,315,7,235.5
CanCBact5,5,Canada,C,Bact,315,8,460.9
CanCBact5,5,Canada,C,Bact,315,9,615
CanCBact5,5,Canada,C,Bact,315,10,982.375
CanCBact5,5,Canada,C,Bact,315,11,1089.142857142857
CanCBact6,6,Canada,C,Bact,332.2,7,271.59999999999997
CanCBact6,6,Canada,C,Bact,332.2,8,498.40000000000003
CanCBact6,6,Canada,C,Bact,332.2,9,714.2
CanCBact6,6,Canada,C,Bact,332.2,10,902.8
CanCBact6,6,Canada,C,Bact,332.2,11,1070.1333333333332
CanCBact7,7,Canada,C,Bact,346.3,7,293.49999999999994
CanCBact7,7,Canada,C,Bact,346.3,8,626.0999999999999
CanCBact7,7,Canada,C,Bact,346.3,9,700.4777777777779
CanCBact7,7,Canada,C,Bact,346.3,10,1012.325
CanCBact7,7,Canada,C,Bact,346.3,11,1134.3666666666668
CanCBact8,8,Canada,C,Bact,365.1,7,186.29999999999995
CanCBact8,8,Canada,C,Bact,365.1,8,486.9
CanCBact8,8,Canada,C,Bact,365.1,9,832.4714285714286
CanCBact8,8,Canada,C,Bact,365.1,10,889.4714285714286
CanCBact8,8,Canada,C,Bact,365.1,11,1077.7333333333331
CanCBact9,9,Canada,C,Bact,218.8,7,155.8
CanCBact9,9,Canada,C,Bact,218.8,8,337.8
CanCBact9,9,Canada,C,Bact,218.8,9,536
CanCBact9,9,Canada,C,Bact,218.8,10,807.9000000000001
CanCBact9,9,Canada,C,Bact,218.8,11,869.2
CanCSte1,1,Canada,C,Ste,324.4,7,296.80000000000007
CanCSte1,1,Canada,C,Ste,324.4,8,458.6
CanCSte1,1,Canada,C,Ste,324.4,9,710.9333333333333
CanCSte1,1,Canada,C,Ste,324.4,10,935.8222222222222
CanCSte1,1,Canada,C,Ste,324.4,11,1125.8000000000002
CanCSte10,10,Canada,C,Ste,301.3,7,242.14444444444445
CanCSte10,10,Canada,C,Ste,301.3,8,485.5888888888889
CanCSte10,10,Canada,C,Ste,301.3,9,865.7
CanCSte10,10,Canada,C,Ste,301.3,10,963.325
CanCSte10,10,Canada,C,Ste,301.3,11,1054.5333333333333
CanCSte2,2,Canada,C,Ste,309.2,7,263.09999999999997
CanCSte2,2,Canada,C,Ste,309.2,8,592.9000000000001
CanCSte2,2,Canada,C,Ste,309.2,9,746.3999999999999
CanCSte2,2,Canada,C,Ste,309.2,10,889.8
CanCSte2,2,Canada,C,Ste,309.2,11,1083.1333333333332
CanCSte3,3,Canada,C,Ste,313.2,7,152.90000000000003
CanCSte3,3,Canada,C,Ste,313.2,8,453.09999999999997
CanCSte3,3,Canada,C,Ste,313.2,9,714.911111111111
CanCSte3,3,Canada,C,Ste,313.2,10,986.4666666666667
CanCSte3,3,Canada,C,Ste,313.2,11,1053.8
CanCSte4,4,Canada,C,Ste,372.2,7,268.90000000000003
CanCSte4,4,Canada,C,Ste,372.2,8,526.0999999999999
CanCSte4,4,Canada,C,Ste,372.2,9,738.175
CanCSte4,4,Canada,C,Ste,372.2,10,983.3555555555556
CanCSte4,4,Canada,C,Ste,372.2,11,976.5999999999999
CanCSte5,5,Canada,C,Ste,313.4,7,248.30000000000007
CanCSte5,5,Canada,C,Ste,313.4,8,462.1
CanCSte5,5,Canada,C,Ste,313.4,9,819.4888888888889
CanCSte5,5,Canada,C,Ste,313.4,10,925.5000000000001
CanCSte5,5,Canada,C,Ste,313.4,11,953.6
CanCSte6,6,Canada,C,Ste,303.3,7,237.99999999999994
CanCSte6,6,Canada,C,Ste,303.3,8,449.7
CanCSte6,6,Canada,C,Ste,303.3,9,671.7
CanCSte6,6,Canada,C,Ste,303.3,10,895.075
CanCSte6,6,Canada,C,Ste,303.3,11,1031.7
CanCSte7,7,Canada,C,Ste,328.7,7,237.90000000000003
CanCSte7,7,Canada,C,Ste,328.7,8,590.5
CanCSte7,7,Canada,C,Ste,328.7,9,836.05
CanCSte7,7,Canada,C,Ste,328.7,10,1016.5222222222221
CanCSte7,7,Canada,C,Ste,328.7,11,1110.3
CanCSte8,8,Canada,C,Ste,275.7,7,171.8
CanCSte8,8,Canada,C,Ste,275.7,8,441.59999999999997
CanCSte8,8,Canada,C,Ste,275.7,9,740.3
CanCSte8,8,Canada,C,Ste,275.7,10,964.3999999999999
CanCSte8,8,Canada,C,Ste,275.7,11,996.8
CanCSte9,9,Canada,C,Ste,263.6,7,216.2
CanCSte9,9,Canada,C,Ste,263.6,8,514
CanCSte9,9,Canada,C,Ste,263.6,9,682.1999999999999
CanCSte9,9,Canada,C,Ste,263.6,10,987.4
CanCSte9,9,Canada,C,Ste,263.6,11,1064.9555555555557
CanDBact1,1,Canada,D,Bact,438.7,7,356.90000000000003
CanDBact1,1,Canada,D,Bact,438.7,8,543
CanDBact1,1,Canada,D,Bact,438.7,9,818.3
CanDBact1,1,Canada,D,Bact,438.7,10,998.0142857142857
CanDBact1,1,Canada,D,Bact,438.7,11,1125.8
CanDBact10,10,Canada,D,Bact,241.5,7,198.8
CanDBact10,10,Canada,D,Bact,241.5,8,359.6
CanDBact10,10,Canada,D,Bact,241.5,9,611.6
CanDBact10,10,Canada,D,Bact,241.5,10,901.2777777777778
CanDBact10,10,Canada,D,Bact,241.5,11,1151.642857142857
CanDBact2,2,Canada,D,Bact,304.3,7,233.40000000000003
CanDBact2,2,Canada,D,Bact,304.3,8,588.3
CanDBact2,2,Canada,D,Bact,304.3,9,708.5999999999999
CanDBact2,2,Canada,D,Bact,304.3,10,970.4000000000001
CanDBact2,2,Canada,D,Bact,304.3,11,1054.7
CanDBact3,3,Canada,D,Bact,463,7,394.2222222222222
CanDBact3,3,Canada,D,Bact,463,8,686.8888888888889
CanDBact3,3,Canada,D,Bact,463,9,824.3333333333333
CanDBact3,3,Canada,D,Bact,463,10,1055
CanDBact3,3,Canada,D,Bact,463,11,1122
CanDBact4,4,Canada,D,Bact,387.6,7,202.10000000000002
CanDBact4,4,Canada,D,Bact,387.6,8,489.5
CanDBact4,4,Canada,D,Bact,387.6,9,602.9555555555555
CanDBact4,4,Canada,D,Bact,387.6,10,874.65
CanDBact4,4,Canada,D,Bact,387.6,11,812.9999999999999
CanDBact5,5,Canada,D,Bact,382.8,7,179.90000000000003
CanDBact5,5,Canada,D,Bact,382.8,8,420.09999999999997
CanDBact5,5,Canada,D,Bact,382.8,9,721.7
CanDBact5,5,Canada,D,Bact,382.8,10,969.2
CanDBact5,5,Canada,D,Bact,382.8,11,1124.7
CanDBact6,6,Canada,D,Bact,387.3,7,303.8
CanDBact6,6,Canada,D,Bact,387.3,8,584.2
CanDBact6,6,Canada,D,Bact,387.3,9,773.4777777777779
CanDBact6,6,Canada,D,Bact,387.3,10,1045.8111111111111
CanDBact6,6,Canada,D,Bact,387.3,11,1184.7
CanDBact7,7,Canada,D,Bact,326.6,7,197.5
CanDBact7,7,Canada,D,Bact,326.6,8,585
CanDBact7,7,Canada,D,Bact,326.6,9,813.5111111111111
CanDBact7,7,Canada,D,Bact,326.6,10,1033.177777777778
CanDBact7,7,Canada,D,Bact,326.6,11,1215.9
CanDBact8,8,Canada,D,Bact,330.2,7,211.7
CanDBact8,8,Canada,D,Bact,330.2,8,196.8
CanDBact8,8,Canada,D,Bact,330.2,9,734.3
CanDBact8,8,Canada,D,Bact,330.2,10,890.675
CanDBact8,8,Canada,D,Bact,330.2,11,865
CanDBact9,9,Canada,D,Bact,258.9,7,226.3
CanDBact9,9,Canada,D,Bact,258.9,8,545.5
CanDBact9,9,Canada,D,Bact,258.9,9,636.5
CanDBact9,9,Canada,D,Bact,258.9,10,997.1999999999999
CanDBact9,9,Canada,D,Bact,258.9,11,1062.4333333333334
CanDSte1,1,Canada,D,Ste,408.8,7,297.2
CanDSte1,1,Canada,D,Ste,408.8,8,511.90000000000003
CanDSte1,1,Canada,D,Ste,408.8,9,704.2
CanDSte1,1,Canada,D,Ste,408.8,10,878.2
CanDSte1,1,Canada,D,Ste,408.8,11,1101.6000000000001
CanDSte10,10,Canada,D,Ste,279.7,7,147.8
CanDSte10,10,Canada,D,Ste,279.7,8,469.74444444444447
CanDSte10,10,Canada,D,Ste,279.7,9,763.6333333333332
CanDSte10,10,Canada,D,Ste,279.7,10,957.0777777777778
CanDSte10,10,Canada,D,Ste,279.7,11,1050.3
CanDSte2,2,Canada,D,Ste,422.1,7,257.1
CanDSte2,2,Canada,D,Ste,422.1,8,675.6
CanDSte2,2,Canada,D,Ste,422.1,9,828.9
CanDSte2,2,Canada,D,Ste,422.1,10,994.6142857142858
CanDSte2,2,Canada,D,Ste,422.1,11,1088.9
CanDSte3,3,Canada,D,Ste,331.9,7,236.39999999999998
CanDSte3,3,Canada,D,Ste,331.9,8,563.9
CanDSte3,3,Canada,D,Ste,331.9,9,791.1
CanDSte3,3,Canada,D,Ste,331.9,10,1025.975
CanDSte3,3,Canada,D,Ste,331.9,11,1036.3000000000002
CanDSte4,4,Canada,D,Ste,355.6,7,222.73333333333335
CanDSte4,4,Canada,D,Ste,355.6,8,512.0666666666666
CanDSte4,4,Canada,D,Ste,355.6,9,746.275
CanDSte4,4,Canada,D,Ste,355.6,10,944.9
CanDSte4,4,Canada,D,Ste,355.6,11,1020.9
CanDSte5,5,Canada,D,Ste,198.43391812865497,7,242.76608187134502
CanDSte5,5,Canada,D,Ste,198.43391812865497,8,539.4660818713451
CanDSte5,5,Canada,D,Ste,198.43391812865497,9,729.566081871345
CanDSte5,5,Canada,D,Ste,198.43391812865497,10,1072.366081871345
CanDSte5,5,Canada,D,Ste,198.43391812865497,11,1195.9946532999163
CanDSte6,6,Canada,D,Ste,388.3,7,293.49999999999994
CanDSte6,6,Canada,D,Ste,388.3,8,485.7
CanDSte6,6,Canada,D,Ste,388.3,9,718.4000000000001
CanDSte6,6,Canada,D,Ste,388.3,10,934.4000000000001
CanDSte6,6,Canada,D,Ste,388.3,11,958.7
CanDSte7,7,Canada,D,Ste,278.6,7,225.5
CanDSte7,7,Canada,D,Ste,278.6,8,582.6
CanDSte7,7,Canada,D,Ste,278.6,9,751.1777777777778
CanDSte7,7,Canada,D,Ste,278.6,10,1001.2888888888889
CanDSte7,7,Canada,D,Ste,278.6,11,1246.9
CanDSte8,8,Canada,D,Ste,329.1,7,255.10000000000002
CanDSte8,8,Canada,D,Ste,329.1,8,607.1
CanDSte8,8,Canada,D,Ste,329.1,9,647.9
CanDSte8,8,Canada,D,Ste,329.1,10,954.9999999999999
CanDSte8,8,Canada,D,Ste,329.1,11,1085.1
CanDSte9,9,Canada,D,Ste,204,7,172.60000000000002
CanDSte9,9,Canada,D,Ste,204,8,365.70000000000005
CanDSte9,9,Canada,D,Ste,204,9,575.1
CanDSte9,9,Canada,D,Ste,204,10,912.0999999999999
CanDSte9,9,Canada,D,Ste,204,11,1014.2222222222222
CanEBact1,1,Canada,E,Bact,421.3,7,197.99999999999994
CanEBact1,1,Canada,E,Bact,421.3,8,275.8
CanEBact1,1,Canada,E,Bact,421.3,9,407.2
CanEBact1,1,Canada,E,Bact,421.3,10,690.1000000000001
CanEBact1,1,Canada,E,Bact,421.3,11,802.9222222222222
CanEBact10,10,Canada,E,Bact,266.1,7,120.59999999999997
CanEBact10,10,Canada,E,Bact,266.1,8,314.9
CanEBact10,10,Canada,E,Bact,266.1,9,431.19999999999993
CanEBact10,10,Canada,E,Bact,266.1,10,687.5
CanEBact10,10,Canada,E,Bact,266.1,11,873.4
CanEBact2,2,Canada,E,Bact,438.6,7,-108
CanEBact2,2,Canada,E,Bact,438.6,8,378.9
CanEBact2,2,Canada,E,Bact,438.6,9,453.29999999999995
CanEBact2,2,Canada,E,Bact,438.6,10,598.4
CanEBact2,2,Canada,E,Bact,438.6,11,736.2888888888889
CanEBact3,3,Canada,E,Bact,343.9,7,165.60000000000002
CanEBact3,3,Canada,E,Bact,343.9,8,324.5
CanEBact3,3,Canada,E,Bact,343.9,9,422.20000000000005
CanEBact3,3,Canada,E,Bact,343.9,10,648.7
CanEBact3,3,Canada,E,Bact,343.9,11,762.5444444444444
CanEBact4,4,Canada,E,Bact,365.2,7,163.59999999999997
CanEBact4,4,Canada,E,Bact,365.2,8,333.40000000000003
CanEBact4,4,Canada,E,Bact,365.2,9,419.90000000000003
CanEBact4,4,Canada,E,Bact,365.2,10,664.3
CanEBact4,4,Canada,E,Bact,365.2,11,823.8
CanEBact5,5,Canada,E,Bact,378.2,7,101.40000000000003
CanEBact5,5,Canada,E,Bact,378.2,8,289.50000000000006
CanEBact5,5,Canada,E,Bact,378.2,9,386.09999999999997
CanEBact5,5,Canada,E,Bact,378.2,10,653.3
CanEBact5,5,Canada,E,Bact,378.2,11,703.5777777777778
CanEBact6,6,Canada,E,Bact,355.6,7,142.5
CanEBact6,6,Canada,E,Bact,355.6,8,293.5
CanEBact6,6,Canada,E,Bact,355.6,9,450.6
CanEBact6,6,Canada,E,Bact,355.6,10,598.9555555555555
CanEBact6,6,Canada,E,Bact,355.6,11,763.5428571428571
CanEBact7,7,Canada,E,Bact,289,7,107.10000000000002
CanEBact7,7,Canada,E,Bact,289,8,333.6
CanEBact7,7,Canada,E,Bact,289,9,439
CanEBact7,7,Canada,E,Bact,289,10,684.6
CanEBact7,7,Canada,E,Bact,289,11,826.7777777777778
CanEBact8,8,Canada,E,Bact,312,7,136.5
CanEBact8,8,Canada,E,Bact,312,8,317.1
CanEBact8,8,Canada,E,Bact,312,9,469.1
CanEBact8,8,Canada,E,Bact,312,10,637.9
CanEBact8,8,Canada,E,Bact,312,11,861.5555555555557
CanEBact9,9,Canada,E,Bact,189.6,7,77.28888888888892
CanEBact9,9,Canada,E,Bact,189.6,8,194.4
CanEBact9,9,Canada,E,Bact,189.6,9,288.0666666666667
CanEBact9,9,Canada,E,Bact,189.6,10,449.0666666666666
CanEBact9,9,Canada,E,Bact,189.6,11,574.6222222222221
CanESte1,1,Canada,E,Ste,390.6,7,181.10000000000002
CanESte1,1,Canada,E,Ste,390.6,8,353.5
CanESte1,1,Canada,E,Ste,390.6,9,483.6
CanESte1,1,Canada,E,Ste,390.6,10,700.7333333333332
CanESte1,1,Canada,E,Ste,390.6,11,848.525
CanESte10,10,Canada,E,Ste,296.8,7,70.09999999999997
CanESte10,10,Canada,E,Ste,296.8,8,234.99999999999994
CanESte10,10,Canada,E,Ste,296.8,9,381.99999999999994
CanESte10,10,Canada,E,Ste,296.8,10,554.9000000000001
CanESte10,10,Canada,E,Ste,296.8,11,803.7
CanESte2,2,Canada,E,Ste,349.1,7,156.29999999999995
CanESte2,2,Canada,E,Ste,349.1,8,401.69999999999993
CanESte2,2,Canada,E,Ste,349.1,9,505.9
CanESte2,2,Canada,E,Ste,349.1,10,716.7888888888889
CanESte2,2,Canada,E,Ste,349.1,11,840.9
CanESte3,3,Canada,E,Ste,364.4,7,232.26666666666665
CanESte3,3,Canada,E,Ste,364.4,8,365.7111111111111
CanESte3,3,Canada,E,Ste,364.4,9,445.30000000000007
CanESte3,3,Canada,E,Ste,364.4,10,750.1999999999999
CanESte3,3,Canada,E,Ste,364.4,11,775.6
CanESte4,4,Canada,E,Ste,373.4,7,109.20000000000005
CanESte4,4,Canada,E,Ste,373.4,8,267.80000000000007
CanESte4,4,Canada,E,Ste,373.4,9,370.6
CanESte4,4,Canada,E,Ste,373.4,10,578.3000000000001
CanESte4,4,Canada,E,Ste,373.4,11,718.6
CanESte5,5,Canada,E,Ste,314.7,7,166.9666666666667
CanESte5,5,Canada,E,Ste,314.7,8,371.1888888888889
CanESte5,5,Canada,E,Ste,314.7,9,418.2
CanESte5,5,Canada,E,Ste,314.7,10,632.5
CanESte5,5,Canada,E,Ste,314.7,11,810.8555555555556
CanESte6,6,Canada,E,Ste,255.1,7,144.29999999999998
CanESte6,6,Canada,E,Ste,255.1,8,303
CanESte6,6,Canada,E,Ste,255.1,9,429.6
CanESte6,6,Canada,E,Ste,255.1,10,725.5666666666666
CanESte6,6,Canada,E,Ste,255.1,11,786.9
CanESte7,7,Canada,E,Ste,335.2,7,72.30000000000001
CanESte7,7,Canada,E,Ste,335.2,8,291.8
CanESte7,7,Canada,E,Ste,335.2,9,381.50000000000006
CanESte7,7,Canada,E,Ste,335.2,10,508.8
CanESte7,7,Canada,E,Ste,335.2,11,732.1333333333332
CanESte8,8,Canada,E,Ste,240.6,7,78.79999999999998
CanESte8,8,Canada,E,Ste,240.6,8,206.00000000000003
CanESte8,8,Canada,E,Ste,240.6,9,332.5
CanESte8,8,Canada,E,Ste,240.6,10,412.19999999999993
CanESte8,8,Canada,E,Ste,240.6,11,742.1777777777778
CanESte9,9,Canada,E,Ste,243.1,7,96.23333333333332
CanESte9,9,Canada,E,Ste,243.1,8,261.7888888888889
CanESte9,9,Canada,E,Ste,243.1,9,377.4555555555555
CanESte9,9,Canada,E,Ste,243.1,10,578.6777777777778
CanESte9,9,Canada,E,Ste,243.1,11,795.4555555555556
CanPBact1,1,Canada,P,Bact,387.9,7,304.5444444444445
CanPBact1,1,Canada,P,Bact,387.9,8,546.7666666666667
CanPBact1,1,Canada,P,Bact,387.9,9,734.6
CanPBact1,1,Canada,P,Bact,387.9,10,1058.3857142857141
CanPBact1,1,Canada,P,Bact,387.9,11,1284.2666666666669
CanPBact10,10,Canada,P,Bact,285.9,7,167.40000000000003
CanPBact10,10,Canada,P,Bact,285.9,8,337.80000000000007
CanPBact10,10,Canada,P,Bact,285.9,9,656.5444444444445
CanPBact10,10,Canada,P,Bact,285.9,10,938.5444444444444
CanPBact10,10,Canada,P,Bact,285.9,11,869.3000000000001
CanPBact2,2,Canada,P,Bact,347.3,7,225.40000000000003
CanPBact2,2,Canada,P,Bact,347.3,8,598.5
CanPBact2,2,Canada,P,Bact,347.3,9,665.9000000000001
CanPBact2,2,Canada,P,Bact,347.3,10,1075.7
CanPBact2,2,Canada,P,Bact,347.3,11,1143.3666666666668
CanPBact3,3,Canada,P,Bact,329.1,7,271
CanPBact3,3,Canada,P,Bact,329.1,8,549.8
CanPBact3,3,Canada,P,Bact,329.1,9,842.4
CanPBact3,3,Canada,P,Bact,329.1,10,956.6
CanPBact3,3,Canada,P,Bact,329.1,11,1169.4
CanPBact4,4,Canada,P,Bact,413,7,232.39999999999998
CanPBact4,4,Canada,P,Bact,413,8,587.6
CanPBact4,4,Canada,P,Bact,413,9,746.5999999999999
CanPBact4,4,Canada,P,Bact,413,10,939.3
CanPBact4,4,Canada,P,Bact,413,11,812
CanPBact5,5,Canada,P,Bact,293.7,7,212.2
CanPBact5,5,Canada,P,Bact,293.7,8,481.8
CanPBact5,5,Canada,P,Bact,293.7,9,707.4000000000001
CanPBact5,5,Canada,P,Bact,293.7,10,1080
CanPBact5,5,Canada,P,Bact,293.7,11,1203.9666666666667
CanPBact6,6,Canada,P,Bact,355,7,261.9
CanPBact6,6,Canada,P,Bact,355,8,526.7
CanPBact6,6,Canada,P,Bact,355,9,676
CanPBact6,6,Canada,P,Bact,355,10,967.8888888888889
CanPBact6,6,Canada,P,Bact,355,11,956.3333333333333
CanPBact7,7,Canada,P,Bact,294.8,7,170.7
CanPBact7,7,Canada,P,Bact,294.8,8,497.90000000000003
CanPBact7,7,Canada,P,Bact,294.8,9,818.6444444444444
CanPBact7,7,Canada,P,Bact,294.8,10,837.9000000000001
CanPBact7,7,Canada,P,Bact,294.8,11,991.2
CanPBact8,8,Canada,P,Bact,332,7,203.39999999999998
CanPBact8,8,Canada,P,Bact,332,8,463.6
CanPBact8,8,Canada,P,Bact,332,9,696.5999999999999
CanPBact8,8,Canada,P,Bact,332,10,997.2
CanPBact8,8,Canada,P,Bact,332,11,1104.857142857143
CanPBact9,9,Canada,P,Bact,286.3,7,217.8
CanPBact9,9,Canada,P,Bact,286.3,8,551.7
CanPBact9,9,Canada,P,Bact,286.3,9,663.2
CanPBact9,9,Canada,P,Bact,286.3,10,1049.5
CanPBact9,9,Canada,P,Bact,286.3,11,1086.8428571428572
CanPSte1,1,Canada,P,Ste,435.8,7,306.49999999999994
CanPSte1,1,Canada,P,Ste,435.8,8,568.7
CanPSte1,1,Canada,P,Ste,435.8,9,741.7
CanPSte1,1,Canada,P,Ste,435.8,10,926.45
CanPSte1,1,Canada,P,Ste,435.8,11,1058.8666666666668
CanPSte10,10,Canada,P,Ste,232.6,7,196.29999999999998
CanPSte10,10,Canada,P,Ste,232.6,8,442
CanPSte10,10,Canada,P,Ste,232.6,9,690.8
CanPSte10,10,Canada,P,Ste,232.6,10,999.4999999999999
CanPSte10,10,Canada,P,Ste,232.6,11,1017.7333333333332
CanPSte2,2,Canada,P,Ste,351.4,7,252.10000000000002
CanPSte2,2,Canada,P,Ste,351.4,8,640
CanPSte2,2,Canada,P,Ste,351.4,9,716.1555555555557
CanPSte2,2,Canada,P,Ste,351.4,10,1141.225
CanPSte2,2,Canada,P,Ste,351.4,11,1265.1
CanPSte3,3,Canada,P,Ste,404.6,7,290.4
CanPSte3,3,Canada,P,Ste,404.6,8,561.1999999999999
CanPSte3,3,Canada,P,Ste,404.6,9,696.4
CanPSte3,3,Canada,P,Ste,404.6,10,906.1142857142858
CanPSte3,3,Canada,P,Ste,404.6,11,970.4
CanPSte4,4,Canada,P,Ste,385.9,7,241.70000000000005
CanPSte4,4,Canada,P,Ste,385.9,8,526.8000000000001
CanPSte4,4,Canada,P,Ste,385.9,9,684.1
CanPSte4,4,Canada,P,Ste,385.9,10,937.6555555555557
CanPSte4,4,Canada,P,Ste,385.9,11,1050.35
CanPSte5,5,Canada,P,Ste,405.6,7,200.89999999999998
CanPSte5,5,Canada,P,Ste,405.6,8,496.1
CanPSte5,5,Canada,P,Ste,405.6,9,594.4
CanPSte5,5,Canada,P,Ste,405.6,10,908.025
CanPSte5,5,Canada,P,Ste,405.6,11,895.4
CanPSte6,6,Canada,P,Ste,320.9,7,300.6
CanPSte6,6,Canada,P,Ste,320.9,8,507.20000000000005
CanPSte6,6,Canada,P,Ste,320.9,9,803.6
CanPSte6,6,Canada,P,Ste,320.9,10,1050.1
CanPSte6,6,Canada,P,Ste,320.9,11,1144.2428571428572
CanPSte7,7,Canada,P,Ste,297.8,7,210.3
CanPSte7,7,Canada,P,Ste,297.8,8,525.0999999999999
CanPSte7,7,Canada,P,Ste,297.8,9,680.0999999999999
CanPSte7,7,Canada,P,Ste,297.8,10,906.9777777777779
CanPSte7,7,Canada,P,Ste,297.8,11,1050.95
CanPSte8,8,Canada,P,Ste,285,7,219.10000000000002
CanPSte8,8,Canada,P,Ste,285,8,464.5
CanPSte8,8,Canada,P,Ste,285,9,688.9
CanPSte8,8,Canada,P,Ste,285,10,964.0999999999999
CanPSte8,8,Canada,P,Ste,285,11,1018.375
CanPSte9,9,Canada,P,Ste,232,7,212
CanPSte9,9,Canada,P,Ste,232,8,422.5
CanPSte9,9,Canada,P,Ste,232,9,605.4
CanPSte9,9,Canada,P,Ste,232,10,955.2
CanPSte9,9,Canada,P,Ste,232,11,985.8333333333333
GreCBact1,1,Grèce,C,Bact,428.1,7,328.4
GreCBact1,1,Grèce,C,Bact,428.1,8,527.5
GreCBact1,1,Grèce,C,Bact,428.1,9,800.1999999999999
GreCBact1,1,Grèce,C,Bact,428.1,10,939.9
GreCBact1,1,Grèce,C,Bact,428.1,11,912.15
GreCBact10,10,Grèce,C,Bact,301.2,7,197.60000000000002
GreCBact10,10,Grèce,C,Bact,301.2,8,433.09999999999997
GreCBact10,10,Grèce,C,Bact,301.2,9,658.0222222222221
GreCBact10,10,Grèce,C,Bact,301.2,10,813.2444444444443
GreCBact10,10,Grèce,C,Bact,301.2,11,1048.1333333333332
GreCBact2,2,Grèce,C,Bact,302.9,7,369.80000000000007
GreCBact2,2,Grèce,C,Bact,302.9,8,699.6
GreCBact2,2,Grèce,C,Bact,302.9,9,792.4
GreCBact2,2,Grèce,C,Bact,302.9,10,1053.975
GreCBact2,2,Grèce,C,Bact,302.9,11,1169.4333333333334
GreCBact3,3,Grèce,C,Bact,415.6,7,358.9
GreCBact3,3,Grèce,C,Bact,415.6,8,705.7333333333332
GreCBact3,3,Grèce,C,Bact,415.6,9,743.7333333333332
GreCBact3,3,Grèce,C,Bact,415.6,10,1074.1999999999998
GreCBact3,3,Grèce,C,Bact,415.6,11,1090.4
GreCBact4,4,Grèce,C,Bact,420.6,7,321.4
GreCBact4,4,Grèce,C,Bact,420.6,8,606.3000000000001
GreCBact4,4,Grèce,C,Bact,420.6,9,787.65
GreCBact4,4,Grèce,C,Bact,420.6,10,974.1999999999999
GreCBact4,4,Grèce,C,Bact,420.6,11,1169.4
GreCBact5,5,Grèce,C,Bact,317.3,7,240.3
GreCBact5,5,Grèce,C,Bact,317.3,8,510.8
GreCBact5,5,Grèce,C,Bact,317.3,9,693.9222222222222
GreCBact5,5,Grèce,C,Bact,317.3,10,983.575
GreCBact5,5,Grèce,C,Bact,317.3,11,1138.5
GreCBact6,6,Grèce,C,Bact,376.8,7,280.7
GreCBact6,6,Grèce,C,Bact,376.8,8,494.7
GreCBact6,6,Grèce,C,Bact,376.8,9,765.9777777777779
GreCBact6,6,Grèce,C,Bact,376.8,10,981.4222222222222
GreCBact6,6,Grèce,C,Bact,376.8,11,1107.0333333333333
GreCBact7,7,Grèce,C,Bact,345.4,7,251.70000000000005
GreCBact7,7,Grèce,C,Bact,345.4,8,8.700000000000045
GreCBact7,7,Grèce,C,Bact,345.4,9,712.0444444444444
GreCBact7,7,Grèce,C,Bact,345.4,10,1085.7428571428572
GreCBact7,7,Grèce,C,Bact,345.4,11,1035.9333333333334
GreCBact8,8,Grèce,C,Bact,301.8,7,213.8
GreCBact8,8,Grèce,C,Bact,301.8,8,548.3
GreCBact8,8,Grèce,C,Bact,301.8,9,818.5
GreCBact8,8,Grèce,C,Bact,301.8,10,1010.2
GreCBact8,8,Grèce,C,Bact,301.8,11,1309.95
GreCBact9,9,Grèce,C,Bact,229.2,7,181.9111111111111
GreCBact9,9,Grèce,C,Bact,229.2,8,536.05
GreCBact9,9,Grèce,C,Bact,229.2,9,741.925
GreCBact9,9,Grèce,C,Bact,229.2,10,1046.3
GreCBact9,9,Grèce,C,Bact,229.2,11,1211.3
GreCSte1,1,Grèce,C,Ste,336.2,7,363.59999999999997
GreCSte1,1,Grèce,C,Ste,336.2,8,634.2
GreCSte1,1,Grèce,C,Ste,336.2,9,841
GreCSte1,1,Grèce,C,Ste,336.2,10,1156.5142857142857
GreCSte1,1,Grèce,C,Ste,336.2,11,1160.3999999999999
GreCSte10,10,Grèce,C,Ste,314.8,7,258.49999999999994
GreCSte10,10,Grèce,C,Ste,314.8,8,610.0999999999999
GreCSte10,10,Grèce,C,Ste,314.8,9,923.7
GreCSte10,10,Grèce,C,Ste,314.8,10,1104.4222222222222
GreCSte10,10,Grèce,C,Ste,314.8,11,1003.7
GreCSte2,2,Grèce,C,Ste,391.7,7,336.40000000000003
GreCSte2,2,Grèce,C,Ste,391.7,8,751.0999999999999
GreCSte2,2,Grèce,C,Ste,391.7,9,916
GreCSte2,2,Grèce,C,Ste,391.7,10,1085.9666666666667
GreCSte2,2,Grèce,C,Ste,391.7,11,NA
GreCSte3,3,Grèce,C,Ste,400.8,7,297.90000000000003
GreCSte3,3,Grèce,C,Ste,400.8,8,734.8666666666668
GreCSte3,3,Grèce,C,Ste,400.8,9,789.088888888889
GreCSte3,3,Grèce,C,Ste,400.8,10,1001.9142857142858
GreCSte3,3,Grèce,C,Ste,400.8,11,1049.3666666666668
GreCSte4,4,Grèce,C,Ste,395.2,7,313.50000000000006
GreCSte4,4,Grèce,C,Ste,395.2,8,345.2
GreCSte4,4,Grèce,C,Ste,395.2,9,793.5
GreCSte4,4,Grèce,C,Ste,395.2,10,993.6888888888889
GreCSte4,4,Grèce,C,Ste,395.2,11,1093.4666666666667
GreCSte5,5,Grèce,C,Ste,354.4,7,346.6
GreCSte5,5,Grèce,C,Ste,354.4,8,551.9
GreCSte5,5,Grèce,C,Ste,354.4,9,753.1
GreCSte5,5,Grèce,C,Ste,354.4,10,1026.725
GreCSte5,5,Grèce,C,Ste,354.4,11,1274.9333333333334
GreCSte6,6,Grèce,C,Ste,344.8,7,312.40000000000003
GreCSte6,6,Grèce,C,Ste,344.8,8,460.99999999999994
GreCSte6,6,Grèce,C,Ste,344.8,9,638.7
GreCSte6,6,Grèce,C,Ste,344.8,10,912.7555555555557
GreCSte6,6,Grèce,C,Ste,344.8,11,1064.2
GreCSte7,7,Grèce,C,Ste,304.2,7,284.2
GreCSte7,7,Grèce,C,Ste,304.2,8,703.4000000000001
GreCSte7,7,Grèce,C,Ste,304.2,9,873.8999999999999
GreCSte7,7,Grèce,C,Ste,304.2,10,983.175
GreCSte7,7,Grèce,C,Ste,304.2,11,1262.2
GreCSte8,8,Grèce,C,Ste,335,7,202.89999999999998
GreCSte8,8,Grèce,C,Ste,335,8,565
GreCSte8,8,Grèce,C,Ste,335,9,718.4444444444443
GreCSte8,8,Grèce,C,Ste,335,10,956.8888888888889
GreCSte8,8,Grèce,C,Ste,335,11,1156.4444444444443
GreCSte9,9,Grèce,C,Ste,254.7,7,271.59999999999997
GreCSte9,9,Grèce,C,Ste,254.7,8,531.4000000000001
GreCSte9,9,Grèce,C,Ste,254.7,9,830.8999999999999
GreCSte9,9,Grèce,C,Ste,254.7,10,1124.7444444444443
GreCSte9,9,Grèce,C,Ste,254.7,11,1171.3
GreDBact1,1,Grèce,D,Bact,333.8,7,348.3
GreDBact1,1,Grèce,D,Bact,333.8,8,568.8
GreDBact1,1,Grèce,D,Bact,333.8,9,844.1000000000001
GreDBact1,1,Grèce,D,Bact,333.8,10,1167.95
GreDBact1,1,Grèce,D,Bact,333.8,11,1293.2
GreDBact10,10,Grèce,D,Bact,302.4,7,256.8222222222222
GreDBact10,10,Grèce,D,Bact,302.4,8,573.3777777777779
GreDBact10,10,Grèce,D,Bact,302.4,9,860.3777777777779
GreDBact10,10,Grèce,D,Bact,302.4,10,1124.225
GreDBact10,10,Grèce,D,Bact,302.4,11,968.1
GreDBact2,2,Grèce,D,Bact,384.7,7,360.59999999999997
GreDBact2,2,Grèce,D,Bact,384.7,8,822.5
GreDBact2,2,Grèce,D,Bact,384.7,9,909
GreDBact2,2,Grèce,D,Bact,384.7,10,1237.1571428571428
GreDBact2,2,Grèce,D,Bact,384.7,11,1198.3
GreDBact3,3,Grèce,D,Bact,417.4,7,315.30000000000007
GreDBact3,3,Grèce,D,Bact,417.4,8,678.6
GreDBact3,3,Grèce,D,Bact,417.4,9,820.225
GreDBact3,3,Grèce,D,Bact,417.4,10,1181.6
GreDBact3,3,Grèce,D,Bact,417.4,11,1337.9333333333334
GreDBact4,4,Grèce,D,Bact,417.1,7,342.6
GreDBact4,4,Grèce,D,Bact,417.1,8,548.3
GreDBact4,4,Grèce,D,Bact,417.1,9,849.025
GreDBact4,4,Grèce,D,Bact,417.1,10,1138.5
GreDBact4,4,Grèce,D,Bact,417.1,11,1260.4
GreDBact5,5,Grèce,D,Bact,341.4,7,356.4
GreDBact5,5,Grèce,D,Bact,341.4,8,629.3000000000001
GreDBact5,5,Grèce,D,Bact,341.4,9,429.30000000000007
GreDBact5,5,Grèce,D,Bact,341.4,10,1178.7666666666669
GreDBact5,5,Grèce,D,Bact,341.4,11,1154.6
GreDBact6,6,Grèce,D,Bact,335.5,7,303.5
GreDBact6,6,Grèce,D,Bact,335.5,8,588.7
GreDBact6,6,Grèce,D,Bact,335.5,9,736.1666666666667
GreDBact6,6,Grèce,D,Bact,335.5,10,1077.7857142857142
GreDBact6,6,Grèce,D,Bact,335.5,11,1199
GreDBact7,7,Grèce,D,Bact,369.1,7,298.69999999999993
GreDBact7,7,Grèce,D,Bact,369.1,8,847.4999999999999
GreDBact7,7,Grèce,D,Bact,369.1,9,1118.011111111111
GreDBact7,7,Grèce,D,Bact,369.1,10,1272.6142857142859
GreDBact7,7,Grèce,D,Bact,369.1,11,1156.9
GreDBact8,8,Grèce,D,Bact,288.4,7,302.80000000000007
GreDBact8,8,Grèce,D,Bact,288.4,8,591.9
GreDBact8,8,Grèce,D,Bact,288.4,9,893.5000000000001
GreDBact8,8,Grèce,D,Bact,288.4,10,1121.6
GreDBact8,8,Grèce,D,Bact,288.4,11,1164.1
GreDBact9,9,Grèce,D,Bact,265.6,7,234.7
GreDBact9,9,Grèce,D,Bact,265.6,8,715.6999999999999
GreDBact9,9,Grèce,D,Bact,265.6,9,872.9999999999999
GreDBact9,9,Grèce,D,Bact,265.6,10,1139.275
GreDBact9,9,Grèce,D,Bact,265.6,11,1301.9
GreDSte1,1,Grèce,D,Ste,365.4,7,380.30000000000007
GreDSte1,1,Grèce,D,Ste,365.4,8,596.3000000000001
GreDSte1,1,Grèce,D,Ste,365.4,9,891.2666666666668
GreDSte1,1,Grèce,D,Ste,365.4,10,1121.1999999999998
GreDSte1,1,Grèce,D,Ste,365.4,11,1190.35
GreDSte10,10,Grèce,D,Ste,304.3,7,287.99999999999994
GreDSte10,10,Grèce,D,Ste,304.3,8,525.5
GreDSte10,10,Grèce,D,Ste,304.3,9,832.3
GreDSte10,10,Grèce,D,Ste,304.3,10,903.0333333333333
GreDSte10,10,Grèce,D,Ste,304.3,11,1119.0333333333333
GreDSte2,2,Grèce,D,Ste,380,7,329.9
GreDSte2,2,Grèce,D,Ste,380,8,787.7
GreDSte2,2,Grèce,D,Ste,380,9,844.125
GreDSte2,2,Grèce,D,Ste,380,10,1202.4
GreDSte2,2,Grèce,D,Ste,380,11,1232.5
GreDSte3,3,Grèce,D,Ste,381.8,7,365.99999999999994
GreDSte3,3,Grèce,D,Ste,381.8,8,663.9000000000001
GreDSte3,3,Grèce,D,Ste,381.8,9,836.95
GreDSte3,3,Grèce,D,Ste,381.8,10,923.5333333333333
GreDSte3,3,Grèce,D,Ste,381.8,11,901.7
GreDSte4,4,Grèce,D,Ste,356.8,7,357.40000000000003
GreDSte4,4,Grèce,D,Ste,356.8,8,649.5999999999999
GreDSte4,4,Grèce,D,Ste,356.8,9,946.2
GreDSte4,4,Grèce,D,Ste,356.8,10,1186.7
GreDSte4,4,Grèce,D,Ste,356.8,11,1257.95
GreDSte5,5,Grèce,D,Ste,391.7,7,309.40000000000003
GreDSte5,5,Grèce,D,Ste,391.7,8,595.2
GreDSte5,5,Grèce,D,Ste,391.7,9,808.411111111111
GreDSte5,5,Grèce,D,Ste,391.7,10,1174.6333333333332
GreDSte5,5,Grèce,D,Ste,391.7,11,1108.3
GreDSte6,6,Grèce,D,Ste,337.8,7,349.2
GreDSte6,6,Grèce,D,Ste,337.8,8,620.2
GreDSte6,6,Grèce,D,Ste,337.8,9,893.7
GreDSte6,6,Grèce,D,Ste,337.8,10,1035.0333333333333
GreDSte6,6,Grèce,D,Ste,337.8,11,1241.8666666666668
GreDSte7,7,Grèce,D,Ste,291.9,7,321.1
GreDSte7,7,Grèce,D,Ste,291.9,8,781.5000000000001
GreDSte7,7,Grèce,D,Ste,291.9,9,846.9
GreDSte7,7,Grèce,D,Ste,291.9,10,1238.1
GreDSte7,7,Grèce,D,Ste,291.9,11,1396.9
GreDSte8,8,Grèce,D,Ste,345.4,7,332.80000000000007
GreDSte8,8,Grèce,D,Ste,345.4,8,444.4
GreDSte8,8,Grèce,D,Ste,345.4,9,805.0000000000001
GreDSte8,8,Grèce,D,Ste,345.4,10,1047.2666666666669
GreDSte8,8,Grèce,D,Ste,345.4,11,1209.6
GreDSte9,9,Grèce,D,Ste,203.6,7,196.4
GreDSte9,9,Grèce,D,Ste,203.6,8,491.5
GreDSte9,9,Grèce,D,Ste,203.6,9,773.1999999999999
GreDSte9,9,Grèce,D,Ste,203.6,10,1212.8000000000002
GreDSte9,9,Grèce,D,Ste,203.6,11,1291.6857142857143
GreEBact1,1,Grèce,E,Bact,419.6,7,195
GreEBact1,1,Grèce,E,Bact,419.6,8,315.9
GreEBact1,1,Grèce,E,Bact,419.6,9,417.69999999999993
GreEBact1,1,Grèce,E,Bact,419.6,10,592.525
GreEBact1,1,Grèce,E,Bact,419.6,11,682.4
GreEBact10,10,Grèce,E,Bact,293.3,7,116
GreEBact10,10,Grèce,E,Bact,293.3,8,303.99999999999994
GreEBact10,10,Grèce,E,Bact,293.3,9,400.99999999999994
GreEBact10,10,Grèce,E,Bact,293.3,10,709.7
GreEBact10,10,Grèce,E,Bact,293.3,11,945.1000000000001
GreEBact2,2,Grèce,E,Bact,390.5,7,158.29999999999995
GreEBact2,2,Grèce,E,Bact,390.5,8,473
GreEBact2,2,Grèce,E,Bact,390.5,9,496.29999999999995
GreEBact2,2,Grèce,E,Bact,390.5,10,738
GreEBact2,2,Grèce,E,Bact,390.5,11,827.625
GreEBact3,3,Grèce,E,Bact,411.6,7,181.29999999999995
GreEBact3,3,Grèce,E,Bact,411.6,8,311.4
GreEBact3,3,Grèce,E,Bact,411.6,9,418.19999999999993
GreEBact3,3,Grèce,E,Bact,411.6,10,714.1999999999999
GreEBact3,3,Grèce,E,Bact,411.6,11,777.15
GreEBact4,4,Grèce,E,Bact,469.4,7,226.89999999999998
GreEBact4,4,Grèce,E,Bact,469.4,8,413.70000000000005
GreEBact4,4,Grèce,E,Bact,469.4,9,566.4
GreEBact4,4,Grèce,E,Bact,469.4,10,729.6
GreEBact4,4,Grèce,E,Bact,469.4,11,979.4333333333333
GreEBact5,5,Grèce,E,Bact,429.5,7,202.89999999999998
GreEBact5,5,Grèce,E,Bact,429.5,8,343
GreEBact5,5,Grèce,E,Bact,429.5,9,506.6
GreEBact5,5,Grèce,E,Bact,429.5,10,754
GreEBact5,5,Grèce,E,Bact,429.5,11,869.0714285714287
GreEBact6,6,Grèce,E,Bact,256.1,7,149.5
GreEBact6,6,Grèce,E,Bact,256.1,8,306.6
GreEBact6,6,Grèce,E,Bact,256.1,9,453
GreEBact6,6,Grèce,E,Bact,256.1,10,727.8
GreEBact6,6,Grèce,E,Bact,256.1,11,871.0111111111111
GreEBact7,7,Grèce,E,Bact,330.6,7,108
GreEBact7,7,Grèce,E,Bact,330.6,8,316
GreEBact7,7,Grèce,E,Bact,330.6,9,443.6
GreEBact7,7,Grèce,E,Bact,330.6,10,634.5
GreEBact7,7,Grèce,E,Bact,330.6,11,859.4999999999999
GreEBact8,8,Grèce,E,Bact,347,7,187.60000000000002
GreEBact8,8,Grèce,E,Bact,347,8,357.29999999999995
GreEBact8,8,Grèce,E,Bact,347,9,530.5
GreEBact8,8,Grèce,E,Bact,347,10,725.5
GreEBact8,8,Grèce,E,Bact,347,11,897.2
GreEBact9,9,Grèce,E,Bact,218.8,7,106.59999999999997
GreEBact9,9,Grèce,E,Bact,218.8,8,258.59999999999997
GreEBact9,9,Grèce,E,Bact,218.8,9,387.49999999999994
GreEBact9,9,Grèce,E,Bact,218.8,10,566.3
GreEBact9,9,Grèce,E,Bact,218.8,11,766.5999999999999
GreESte1,1,Grèce,E,Ste,337.7,7,180.09999999999997
GreESte1,1,Grèce,E,Ste,337.7,8,364.50000000000006
GreESte1,1,Grèce,E,Ste,337.7,9,508.2
GreESte1,1,Grèce,E,Ste,337.7,10,742.5
GreESte1,1,Grèce,E,Ste,337.7,11,798.0142857142857
GreESte10,10,Grèce,E,Ste,202.2,7,93
GreESte10,10,Grèce,E,Ste,202.2,8,260.3
GreESte10,10,Grèce,E,Ste,202.2,9,339.90000000000003
GreESte10,10,Grèce,E,Ste,202.2,10,662.2
GreESte10,10,Grèce,E,Ste,202.2,11,919.2
GreESte2,2,Grèce,E,Ste,384.9,7,212.70000000000005
GreESte2,2,Grèce,E,Ste,384.9,8,431.4
GreESte2,2,Grèce,E,Ste,384.9,9,524.2
GreESte2,2,Grèce,E,Ste,384.9,10,762.7666666666668
GreESte2,2,Grèce,E,Ste,384.9,11,915.6555555555557
GreESte3,3,Grèce,E,Ste,400,7,196.5
GreESte3,3,Grèce,E,Ste,400,8,321.1
GreESte3,3,Grèce,E,Ste,400,9,560.125
GreESte3,3,Grèce,E,Ste,400,10,611.7777777777778
GreESte3,3,Grèce,E,Ste,400,11,856.4285714285713
GreESte4,4,Grèce,E,Ste,459.2,7,209.50000000000006
GreESte4,4,Grèce,E,Ste,459.2,8,343.8
GreESte4,4,Grèce,E,Ste,459.2,9,441.90000000000003
GreESte4,4,Grèce,E,Ste,459.2,10,638.8
GreESte4,4,Grèce,E,Ste,459.2,11,924.2285714285713
GreESte5,5,Grèce,E,Ste,334,7,167.7
GreESte5,5,Grèce,E,Ste,334,8,353.1
GreESte5,5,Grèce,E,Ste,334,9,496.79999999999995
GreESte5,5,Grèce,E,Ste,334,10,750.0999999999999
GreESte5,5,Grèce,E,Ste,334,11,824.25
GreESte6,6,Grèce,E,Ste,383.7,7,198.09999999999997
GreESte6,6,Grèce,E,Ste,383.7,8,344.90000000000003
GreESte6,6,Grèce,E,Ste,383.7,9,507.96666666666664
GreESte6,6,Grèce,E,Ste,383.7,10,751.8
GreESte6,6,Grèce,E,Ste,383.7,11,851.2
GreESte7,7,Grèce,E,Ste,317.3,7,146.39999999999998
GreESte7,7,Grèce,E,Ste,317.3,8,337.90000000000003
GreESte7,7,Grèce,E,Ste,317.3,9,495.3
GreESte7,7,Grèce,E,Ste,317.3,10,743.7
GreESte7,7,Grèce,E,Ste,317.3,11,918.3666666666668
GreESte8,8,Grèce,E,Ste,382.6,7,141.95555555555552
GreESte8,8,Grèce,E,Ste,382.6,8,126.29999999999995
GreESte8,8,Grèce,E,Ste,382.6,9,396.29999999999995
GreESte8,8,Grèce,E,Ste,382.6,10,554
GreESte8,8,Grèce,E,Ste,382.6,11,758.775
GreESte9,9,Grèce,E,Ste,316,7,159.8
GreESte9,9,Grèce,E,Ste,316,8,449.55555555555554
GreESte9,9,Grèce,E,Ste,316,9,530.7777777777778
GreESte9,9,Grèce,E,Ste,316,10,787.5555555555557
GreESte9,9,Grèce,E,Ste,316,11,832.4285714285713
GrePBact1,1,Grèce,P,Bact,438.4,7,403.80000000000007
GrePBact1,1,Grèce,P,Bact,438.4,8,764.6
GrePBact1,1,Grèce,P,Bact,438.4,9,918.6999999999999
GrePBact1,1,Grèce,P,Bact,438.4,10,1134.7428571428572
GrePBact1,1,Grèce,P,Bact,438.4,11,NA
GrePBact10,10,Grèce,P,Bact,366.8,7,300.09999999999997
GrePBact10,10,Grèce,P,Bact,366.8,8,543.7
GrePBact10,10,Grèce,P,Bact,366.8,9,900.1000000000001
GrePBact10,10,Grèce,P,Bact,366.8,10,1107.575
GrePBact10,10,Grèce,P,Bact,366.8,11,1082.45
GrePBact2,2,Grèce,P,Bact,402.3,7,284.09999999999997
GrePBact2,2,Grèce,P,Bact,402.3,8,658.1000000000001
GrePBact2,2,Grèce,P,Bact,402.3,9,686.588888888889
GrePBact2,2,Grèce,P,Bact,402.3,10,1102.7
GrePBact2,2,Grèce,P,Bact,402.3,11,1283.3666666666668
GrePBact3,3,Grèce,P,Bact,450.3,7,307.40000000000003
GrePBact3,3,Grèce,P,Bact,450.3,8,680.2
GrePBact3,3,Grèce,P,Bact,450.3,9,860.1285714285714
GrePBact3,3,Grèce,P,Bact,450.3,10,1134.9857142857143
GrePBact3,3,Grèce,P,Bact,450.3,11,1125.7
GrePBact4,4,Grèce,P,Bact,413.4,7,342.9
GrePBact4,4,Grèce,P,Bact,413.4,8,725.6
GrePBact4,4,Grèce,P,Bact,413.4,9,892.6
GrePBact4,4,Grèce,P,Bact,413.4,10,1198.6
GrePBact4,4,Grèce,P,Bact,413.4,11,1228.2666666666669
GrePBact5,5,Grèce,P,Bact,377.2,7,330.09999999999997
GrePBact5,5,Grèce,P,Bact,377.2,8,649.5
GrePBact5,5,Grèce,P,Bact,377.2,9,884.4666666666667
GrePBact5,5,Grèce,P,Bact,377.2,10,1142.2285714285713
GrePBact5,5,Grèce,P,Bact,377.2,11,1290.3
GrePBact6,6,Grèce,P,Bact,272.3,7,292.3
GrePBact6,6,Grèce,P,Bact,272.3,8,554
GrePBact6,6,Grèce,P,Bact,272.3,9,884.4777777777779
GrePBact6,6,Grèce,P,Bact,272.3,10,1306.45
GrePBact6,6,Grèce,P,Bact,272.3,11,1217.7
GrePBact7,7,Grèce,P,Bact,306,7,221
GrePBact7,7,Grèce,P,Bact,306,8,696.6
GrePBact7,7,Grèce,P,Bact,306,9,835
GrePBact7,7,Grèce,P,Bact,306,10,1128.5555555555557
GrePBact7,7,Grèce,P,Bact,306,11,1267.5
GrePBact8,8,Grèce,P,Bact,315.3,7,284.59999999999997
GrePBact8,8,Grèce,P,Bact,315.3,8,574.5999999999999
GrePBact8,8,Grèce,P,Bact,315.3,9,726.4000000000001
GrePBact8,8,Grèce,P,Bact,315.3,10,1127
GrePBact8,8,Grèce,P,Bact,315.3,11,1156.45
GrePBact9,9,Grèce,P,Bact,223.7,7,256.6
GrePBact9,9,Grèce,P,Bact,223.7,8,457.3
GrePBact9,9,Grèce,P,Bact,223.7,9,708.9000000000001
GrePBact9,9,Grèce,P,Bact,223.7,10,922.411111111111
GrePBact9,9,Grèce,P,Bact,223.7,11,1051.3
GrePSte1,1,Grèce,P,Ste,369.2,7,369.59999999999997
GrePSte1,1,Grèce,P,Ste,369.2,8,599.7
GrePSte1,1,Grèce,P,Ste,369.2,9,881.4666666666667
GrePSte1,1,Grèce,P,Ste,369.2,10,1182.3714285714286
GrePSte1,1,Grèce,P,Ste,369.2,11,1291.3
GrePSte10,10,Grèce,P,Ste,257.9,7,203.90000000000003
GrePSte10,10,Grèce,P,Ste,257.9,8,498.9
GrePSte10,10,Grèce,P,Ste,257.9,9,713
GrePSte10,10,Grèce,P,Ste,257.9,10,1066.988888888889
GrePSte10,10,Grèce,P,Ste,257.9,11,1108.6
GrePSte2,2,Grèce,P,Ste,378.8,7,313.8
GrePSte2,2,Grèce,P,Ste,378.8,8,784.5
GrePSte2,2,Grèce,P,Ste,378.8,9,871
GrePSte2,2,Grèce,P,Ste,378.8,10,1150.075
GrePSte2,2,Grèce,P,Ste,378.8,11,1144.2
GrePSte3,3,Grèce,P,Ste,365.1,7,261.5
GrePSte3,3,Grèce,P,Ste,365.1,8,613.6
GrePSte3,3,Grèce,P,Ste,365.1,9,857.4
GrePSte3,3,Grèce,P,Ste,365.1,10,1067.5666666666666
GrePSte3,3,Grèce,P,Ste,365.1,11,1090.1
GrePSte4,4,Grèce,P,Ste,355.7,7,313.3
GrePSte4,4,Grèce,P,Ste,355.7,8,582.0999999999999
GrePSte4,4,Grèce,P,Ste,355.7,9,778.6333333333332
GrePSte4,4,Grèce,P,Ste,355.7,10,1200.5222222222221
GrePSte4,4,Grèce,P,Ste,355.7,11,1211.3
GrePSte5,5,Grèce,P,Ste,348.7,7,299.90000000000003
GrePSte5,5,Grèce,P,Ste,348.7,8,567.5999999999999
GrePSte5,5,Grèce,P,Ste,348.7,9,769.8999999999999
GrePSte5,5,Grèce,P,Ste,348.7,10,1057.0777777777778
GrePSte5,5,Grèce,P,Ste,348.7,11,996.3
GrePSte6,6,Grèce,P,Ste,375.9,7,394.1
GrePSte6,6,Grèce,P,Ste,375.9,8,583.7
GrePSte6,6,Grèce,P,Ste,375.9,9,916.1
GrePSte6,6,Grèce,P,Ste,375.9,10,1144.6
GrePSte6,6,Grèce,P,Ste,375.9,11,1212.3000000000002
GrePSte7,7,Grèce,P,Ste,307.2,7,217.2
GrePSte7,7,Grèce,P,Ste,307.2,8,655.9000000000001
GrePSte7,7,Grèce,P,Ste,307.2,9,786.5
GrePSte7,7,Grèce,P,Ste,307.2,10,1135.6571428571428
GrePSte7,7,Grèce,P,Ste,307.2,11,1103.2
GrePSte8,8,Grèce,P,Ste,293.4,7,247.39999999999998
GrePSte8,8,Grèce,P,Ste,293.4,8,558.1
GrePSte8,8,Grèce,P,Ste,293.4,9,925.6999999999999
GrePSte8,8,Grèce,P,Ste,293.4,10,1283.1
GrePSte8,8,Grèce,P,Ste,293.4,11,1288.6
GrePSte9,9,Grèce,P,Ste,282.5,7,208.60000000000002
GrePSte9,9,Grèce,P,Ste,282.5,8,484.1
GrePSte9,9,Grèce,P,Ste,282.5,9,727.1
GrePSte9,9,Grèce,P,Ste,282.5,10,989.7
GrePSte9,9,Grèce,P,Ste,282.5,11,1074
ItaCBact1,1,Italie,C,Bact,364.2,7,355.2
ItaCBact1,1,Italie,C,Bact,364.2,8,619.5
ItaCBact1,1,Italie,C,Bact,364.2,9,779.2444444444443
ItaCBact1,1,Italie,C,Bact,364.2,10,1047.942857142857
ItaCBact1,1,Italie,C,Bact,364.2,11,974.8
ItaCBact10,10,Italie,C,Bact,326.4,7,185.20000000000005
ItaCBact10,10,Italie,C,Bact,326.4,8,520
ItaCBact10,10,Italie,C,Bact,326.4,9,823.7111111111111
ItaCBact10,10,Italie,C,Bact,326.4,10,1018.225
ItaCBact10,10,Italie,C,Bact,326.4,11,817.1
ItaCBact2,2,Italie,C,Bact,397,7,332.6
ItaCBact2,2,Italie,C,Bact,397,8,837.0999999999999
ItaCBact2,2,Italie,C,Bact,397,9,905.625
ItaCBact2,2,Italie,C,Bact,397,10,868.4000000000001
ItaCBact2,2,Italie,C,Bact,397,11,987
ItaCBact3,3,Italie,C,Bact,390.4,7,369.5
ItaCBact3,3,Italie,C,Bact,390.4,8,665.3000000000001
ItaCBact3,3,Italie,C,Bact,390.4,9,759.0285714285714
ItaCBact3,3,Italie,C,Bact,390.4,10,1079.6
ItaCBact3,3,Italie,C,Bact,390.4,11,1236.6
ItaCBact4,4,Italie,C,Bact,483.3,7,332.09999999999997
ItaCBact4,4,Italie,C,Bact,483.3,8,670.2
ItaCBact4,4,Italie,C,Bact,483.3,9,892.9000000000001
ItaCBact4,4,Italie,C,Bact,483.3,10,1028.2
ItaCBact4,4,Italie,C,Bact,483.3,11,NA
ItaCBact5,5,Italie,C,Bact,427.8,7,360.3
ItaCBact5,5,Italie,C,Bact,427.8,8,646.9000000000001
ItaCBact5,5,Italie,C,Bact,427.8,9,906.95
ItaCBact5,5,Italie,C,Bact,427.8,10,968.2
ItaCBact5,5,Italie,C,Bact,427.8,11,1196.2
ItaCBact6,6,Italie,C,Bact,366.8,7,297.7
ItaCBact6,6,Italie,C,Bact,366.8,8,566.0999999999999
ItaCBact6,6,Italie,C,Bact,366.8,9,814.088888888889
ItaCBact6,6,Italie,C,Bact,366.8,10,1023.7
ItaCBact6,6,Italie,C,Bact,366.8,11,1293.7
ItaCBact7,7,Italie,C,Bact,340.8,7,238.49999999999994
ItaCBact7,7,Italie,C,Bact,340.8,8,721.1000000000001
ItaCBact7,7,Italie,C,Bact,340.8,9,890.6000000000001
ItaCBact7,7,Italie,C,Bact,340.8,10,1078.6000000000001
ItaCBact7,7,Italie,C,Bact,340.8,11,1266.2
ItaCBact8,8,Italie,C,Bact,282.3,7,233.99999999999994
ItaCBact8,8,Italie,C,Bact,282.3,8,500.2
ItaCBact8,8,Italie,C,Bact,282.3,9,757.3
ItaCBact8,8,Italie,C,Bact,282.3,10,1085.9
ItaCBact8,8,Italie,C,Bact,282.3,11,1007.5
ItaCBact9,9,Italie,C,Bact,339.6,7,281.1
ItaCBact9,9,Italie,C,Bact,339.6,8,550.9
ItaCBact9,9,Italie,C,Bact,339.6,9,777.1
ItaCBact9,9,Italie,C,Bact,339.6,10,929.775
ItaCBact9,9,Italie,C,Bact,339.6,11,1057.4
ItaCSte1,1,Italie,C,Ste,407,7,377.1
ItaCSte1,1,Italie,C,Ste,407,8,648.5999999999999
ItaCSte1,1,Italie,C,Ste,407,9,862.125
ItaCSte1,1,Italie,C,Ste,407,10,1129.6666666666667
ItaCSte1,1,Italie,C,Ste,407,11,1288.25
ItaCSte10,10,Italie,C,Ste,291.9,7,298.20000000000005
ItaCSte10,10,Italie,C,Ste,291.9,8,608.3000000000001
ItaCSte10,10,Italie,C,Ste,291.9,9,1051.5444444444443
ItaCSte10,10,Italie,C,Ste,291.9,10,1052.6999999999998
ItaCSte10,10,Italie,C,Ste,291.9,11,1263.7666666666669
ItaCSte2,2,Italie,C,Ste,370.1,7,278.29999999999995
ItaCSte2,2,Italie,C,Ste,370.1,8,758.4999999999999
ItaCSte2,2,Italie,C,Ste,370.1,9,832.6777777777778
ItaCSte2,2,Italie,C,Ste,370.1,10,1205.5666666666666
ItaCSte2,2,Italie,C,Ste,370.1,11,1210.2333333333331
ItaCSte3,3,Italie,C,Ste,436.2,7,370.7
ItaCSte3,3,Italie,C,Ste,436.2,8,641.0999999999999
ItaCSte3,3,Italie,C,Ste,436.2,9,825.5142857142857
ItaCSte3,3,Italie,C,Ste,436.2,10,941.5999999999999
ItaCSte3,3,Italie,C,Ste,436.2,11,979.8
ItaCSte4,4,Italie,C,Ste,418,7,317.4
ItaCSte4,4,Italie,C,Ste,418,8,680.8
ItaCSte4,4,Italie,C,Ste,418,9,779
ItaCSte4,4,Italie,C,Ste,418,10,1045.5
ItaCSte4,4,Italie,C,Ste,418,11,989
ItaCSte5,5,Italie,C,Ste,382.5,7,333.70000000000005
ItaCSte5,5,Italie,C,Ste,382.5,8,677.7
ItaCSte5,5,Italie,C,Ste,382.5,9,871.75
ItaCSte5,5,Italie,C,Ste,382.5,10,1138.6666666666667
ItaCSte5,5,Italie,C,Ste,382.5,11,1071
ItaCSte6,6,Italie,C,Ste,383.1,7,292.79999999999995
ItaCSte6,6,Italie,C,Ste,383.1,8,533.9
ItaCSte6,6,Italie,C,Ste,383.1,9,679.9
ItaCSte6,6,Italie,C,Ste,383.1,10,890.6999999999999
ItaCSte6,6,Italie,C,Ste,383.1,11,851.2333333333332
ItaCSte7,7,Italie,C,Ste,412.4,7,298
ItaCSte7,7,Italie,C,Ste,412.4,8,839.3000000000001
ItaCSte7,7,Italie,C,Ste,412.4,9,1045.3777777777777
ItaCSte7,7,Italie,C,Ste,412.4,10,1040.2666666666669
ItaCSte7,7,Italie,C,Ste,412.4,11,1240.6
ItaCSte8,8,Italie,C,Ste,360.9,7,238.20000000000005
ItaCSte8,8,Italie,C,Ste,360.9,8,591.2
ItaCSte8,8,Italie,C,Ste,360.9,9,883.0000000000001
ItaCSte8,8,Italie,C,Ste,360.9,10,1000.225
ItaCSte8,8,Italie,C,Ste,360.9,11,958.1
ItaCSte9,9,Italie,C,Ste,364.7,7,310.8
ItaCSte9,9,Italie,C,Ste,364.7,8,654
ItaCSte9,9,Italie,C,Ste,364.7,9,672.5999999999999
ItaCSte9,9,Italie,C,Ste,364.7,10,919.7285714285713
ItaCSte9,9,Italie,C,Ste,364.7,11,686.8
ItaDBact1,1,Italie,D,Bact,488.9,7,429.4
ItaDBact1,1,Italie,D,Bact,488.9,8,621.9
ItaDBact1,1,Italie,D,Bact,488.9,9,731.2428571428571
ItaDBact1,1,Italie,D,Bact,488.9,10,806.1
ItaDBact1,1,Italie,D,Bact,488.9,11,994.1
ItaDBact10,10,Italie,D,Bact,307.4,7,265.5
ItaDBact10,10,Italie,D,Bact,307.4,8,624.8000000000001
ItaDBact10,10,Italie,D,Bact,307.4,9,908.8000000000001
ItaDBact10,10,Italie,D,Bact,307.4,10,1090.8857142857141
ItaDBact10,10,Italie,D,Bact,307.4,11,1007.6
ItaDBact2,2,Italie,D,Bact,433.6,7,274.1
ItaDBact2,2,Italie,D,Bact,433.6,8,712.6
ItaDBact2,2,Italie,D,Bact,433.6,9,744.2571428571429
ItaDBact2,2,Italie,D,Bact,433.6,10,1131.15
ItaDBact2,2,Italie,D,Bact,433.6,11,1099.4
ItaDBact3,3,Italie,D,Bact,494.8,7,273.3
ItaDBact3,3,Italie,D,Bact,494.8,8,578.7
ItaDBact3,3,Italie,D,Bact,494.8,9,837.3428571428572
ItaDBact3,3,Italie,D,Bact,494.8,10,932.45
ItaDBact3,3,Italie,D,Bact,494.8,11,994.2
ItaDBact4,4,Italie,D,Bact,484.2,7,65.80000000000001
ItaDBact4,4,Italie,D,Bact,484.2,8,391.00000000000006
ItaDBact4,4,Italie,D,Bact,484.2,9,666.4666666666667
ItaDBact4,4,Italie,D,Bact,484.2,10,850.425
ItaDBact4,4,Italie,D,Bact,484.2,11,934.1333333333332
ItaDBact5,5,Italie,D,Bact,271.45454545454544,7,224.24545454545455
ItaDBact5,5,Italie,D,Bact,271.45454545454544,8,476.6454545454546
ItaDBact5,5,Italie,D,Bact,271.45454545454544,9,851.3232323232323
ItaDBact5,5,Italie,D,Bact,271.45454545454544,10,1176.8787878787878
ItaDBact5,5,Italie,D,Bact,271.45454545454544,11,NA
ItaDBact6,6,Italie,D,Bact,469.9,7,392.70000000000005
ItaDBact6,6,Italie,D,Bact,469.9,8,643.9
ItaDBact6,6,Italie,D,Bact,469.9,9,886.3857142857142
ItaDBact6,6,Italie,D,Bact,469.9,10,1120.1
ItaDBact6,6,Italie,D,Bact,469.9,11,NA
ItaDBact7,7,Italie,D,Bact,391.7,7,258.3
ItaDBact7,7,Italie,D,Bact,391.7,8,711.5999999999999
ItaDBact7,7,Italie,D,Bact,391.7,9,865.5222222222221
ItaDBact7,7,Italie,D,Bact,391.7,10,883.8999999999999
ItaDBact7,7,Italie,D,Bact,391.7,11,1451.3
ItaDBact8,8,Italie,D,Bact,406.8,7,243.90000000000003
ItaDBact8,8,Italie,D,Bact,406.8,8,625.5
ItaDBact8,8,Italie,D,Bact,406.8,9,1048.2
ItaDBact8,8,Italie,D,Bact,406.8,10,1159.3666666666668
ItaDBact8,8,Italie,D,Bact,406.8,11,1118.8666666666668
ItaDBact9,9,Italie,D,Bact,385.8,7,282.59999999999997
ItaDBact9,9,Italie,D,Bact,385.8,8,705.2
ItaDBact9,9,Italie,D,Bact,385.8,9,698.7
ItaDBact9,9,Italie,D,Bact,385.8,10,1094.3666666666668
ItaDBact9,9,Italie,D,Bact,385.8,11,1218.2
ItaDSte1,1,Italie,D,Ste,405.5,7,357.1
ItaDSte1,1,Italie,D,Ste,405.5,8,748.8
ItaDSte1,1,Italie,D,Ste,405.5,9,849.6111111111111
ItaDSte1,1,Italie,D,Ste,405.5,10,1199.3
ItaDSte1,1,Italie,D,Ste,405.5,11,1082.5
ItaDSte10,10,Italie,D,Ste,377.7,7,302.00000000000006
ItaDSte10,10,Italie,D,Ste,377.7,8,582.2
ItaDSte10,10,Italie,D,Ste,377.7,9,909.3999999999999
ItaDSte10,10,Italie,D,Ste,377.7,10,1066.7
ItaDSte10,10,Italie,D,Ste,377.7,11,1239.05
ItaDSte2,2,Italie,D,Ste,387.8,7,254.3
ItaDSte2,2,Italie,D,Ste,387.8,8,726.7
ItaDSte2,2,Italie,D,Ste,387.8,9,816.7
ItaDSte2,2,Italie,D,Ste,387.8,10,1029
ItaDSte2,2,Italie,D,Ste,387.8,11,998.2
ItaDSte3,3,Italie,D,Ste,396.7,7,304.90000000000003
ItaDSte3,3,Italie,D,Ste,396.7,8,705.0999999999999
ItaDSte3,3,Italie,D,Ste,396.7,9,862.7285714285713
ItaDSte3,3,Italie,D,Ste,396.7,10,849.3
ItaDSte3,3,Italie,D,Ste,396.7,11,-25.69999999999999
ItaDSte4,4,Italie,D,Ste,404.7,7,320.50000000000006
ItaDSte4,4,Italie,D,Ste,404.7,8,576
ItaDSte4,4,Italie,D,Ste,404.7,9,1069.9666666666667
ItaDSte4,4,Italie,D,Ste,404.7,10,1131.1
ItaDSte4,4,Italie,D,Ste,404.7,11,1210.3
ItaDSte5,5,Italie,D,Ste,187.8882509303562,7,280.4117490696438
ItaDSte5,5,Italie,D,Ste,187.8882509303562,8,666.6117490696438
ItaDSte5,5,Italie,D,Ste,187.8882509303562,9,870.6117490696438
ItaDSte5,5,Italie,D,Ste,187.8882509303562,10,1126.445082402977
ItaDSte5,5,Italie,D,Ste,187.8882509303562,11,1169.6117490696438
ItaDSte6,6,Italie,D,Ste,340.9,7,361.1
ItaDSte6,6,Italie,D,Ste,340.9,8,589.3000000000001
ItaDSte6,6,Italie,D,Ste,340.9,9,794.6555555555557
ItaDSte6,6,Italie,D,Ste,340.9,10,1132.5285714285715
ItaDSte6,6,Italie,D,Ste,340.9,11,1000.1
ItaDSte7,7,Italie,D,Ste,418.2,7,325.2
ItaDSte7,7,Italie,D,Ste,418.2,8,844.7
ItaDSte7,7,Italie,D,Ste,418.2,9,865.5142857142857
ItaDSte7,7,Italie,D,Ste,418.2,10,962.8
ItaDSte7,7,Italie,D,Ste,418.2,11,1090.8
ItaDSte8,8,Italie,D,Ste,307.8,7,195.2
ItaDSte8,8,Italie,D,Ste,307.8,8,468.09999999999997
ItaDSte8,8,Italie,D,Ste,307.8,9,680.5333333333333
ItaDSte8,8,Italie,D,Ste,307.8,10,813.95
ItaDSte8,8,Italie,D,Ste,307.8,11,680.2
ItaDSte9,9,Italie,D,Ste,305.1,7,197.67777777777775
ItaDSte9,9,Italie,D,Ste,305.1,8,550.9
ItaDSte9,9,Italie,D,Ste,305.1,9,843.15
ItaDSte9,9,Italie,D,Ste,305.1,10,1169.7571428571428
ItaDSte9,9,Italie,D,Ste,305.1,11,1405.9
ItaEBact1,1,Italie,E,Bact,403.1,7,199.39999999999998
ItaEBact1,1,Italie,E,Bact,403.1,8,409.69999999999993
ItaEBact1,1,Italie,E,Bact,403.1,9,502.19999999999993
ItaEBact1,1,Italie,E,Bact,403.1,10,685.7888888888889
ItaEBact1,1,Italie,E,Bact,403.1,11,264.65
ItaEBact10,10,Italie,E,Bact,290.7,7,116.60000000000002
ItaEBact10,10,Italie,E,Bact,290.7,8,299.90000000000003
ItaEBact10,10,Italie,E,Bact,290.7,9,480.2
ItaEBact10,10,Italie,E,Bact,290.7,10,699.3
ItaEBact10,10,Italie,E,Bact,290.7,11,831.1888888888889
ItaEBact2,2,Italie,E,Bact,455.6,7,168
ItaEBact2,2,Italie,E,Bact,455.6,8,423.19999999999993
ItaEBact2,2,Italie,E,Bact,455.6,9,521.6
ItaEBact2,2,Italie,E,Bact,455.6,10,676.4
ItaEBact2,2,Italie,E,Bact,455.6,11,885.6857142857142
ItaEBact3,3,Italie,E,Bact,480.7,7,210.8
ItaEBact3,3,Italie,E,Bact,480.7,8,424.50000000000006
ItaEBact3,3,Italie,E,Bact,480.7,9,496.6333333333334
ItaEBact3,3,Italie,E,Bact,480.7,10,633.3
ItaEBact3,3,Italie,E,Bact,480.7,11,829.6333333333332
ItaEBact4,4,Italie,E,Bact,439.4,7,185.39999999999998
ItaEBact4,4,Italie,E,Bact,439.4,8,413.4
ItaEBact4,4,Italie,E,Bact,439.4,9,518.9
ItaEBact4,4,Italie,E,Bact,439.4,10,710.1555555555557
ItaEBact4,4,Italie,E,Bact,439.4,11,697.475
ItaEBact5,5,Italie,E,Bact,321,7,129.8
ItaEBact5,5,Italie,E,Bact,321,8,302.6
ItaEBact5,5,Italie,E,Bact,321,9,531
ItaEBact5,5,Italie,E,Bact,321,10,663.4444444444445
ItaEBact5,5,Italie,E,Bact,321,11,790.375
ItaEBact6,6,Italie,E,Bact,332.3,7,174.59999999999997
ItaEBact6,6,Italie,E,Bact,332.3,8,309.59999999999997
ItaEBact6,6,Italie,E,Bact,332.3,9,589.9222222222222
ItaEBact6,6,Italie,E,Bact,332.3,10,787.95
ItaEBact6,6,Italie,E,Bact,332.3,11,994.1285714285714
ItaEBact7,7,Italie,E,Bact,408.2,7,170.00000000000006
ItaEBact7,7,Italie,E,Bact,408.2,8,370.8
ItaEBact7,7,Italie,E,Bact,408.2,9,573.8
ItaEBact7,7,Italie,E,Bact,408.2,10,741.2444444444443
ItaEBact7,7,Italie,E,Bact,408.2,11,761.8
ItaEBact8,8,Italie,E,Bact,405.4,7,160.30000000000007
ItaEBact8,8,Italie,E,Bact,405.4,8,377.30000000000007
ItaEBact8,8,Italie,E,Bact,405.4,9,560.7
ItaEBact8,8,Italie,E,Bact,405.4,10,735.7111111111111
ItaEBact8,8,Italie,E,Bact,405.4,11,883.1714285714287
ItaEBact9,9,Italie,E,Bact,295,7,79.5
ItaEBact9,9,Italie,E,Bact,295,8,269.6
ItaEBact9,9,Italie,E,Bact,295,9,336
ItaEBact9,9,Italie,E,Bact,295,10,581.6
ItaEBact9,9,Italie,E,Bact,295,11,688.4
ItaESte1,1,Italie,E,Ste,380.7,7,140.7
ItaESte1,1,Italie,E,Ste,380.7,8,403.7
ItaESte1,1,Italie,E,Ste,380.7,9,493.50000000000006
ItaESte1,1,Italie,E,Ste,380.7,10,713.05
ItaESte1,1,Italie,E,Ste,380.7,11,787.4666666666667
ItaESte10,10,Italie,E,Ste,325.5,7,75.10000000000002
ItaESte10,10,Italie,E,Ste,325.5,8,272.9
ItaESte10,10,Italie,E,Ste,325.5,9,602.1666666666666
ItaESte10,10,Italie,E,Ste,325.5,10,817.1666666666667
ItaESte10,10,Italie,E,Ste,325.5,11,861.5
ItaESte2,2,Italie,E,Ste,390.3,7,103.80000000000001
ItaESte2,2,Italie,E,Ste,390.3,8,318.3
ItaESte2,2,Italie,E,Ste,390.3,9,469.40000000000003
ItaESte2,2,Italie,E,Ste,390.3,10,701.2
ItaESte2,2,Italie,E,Ste,390.3,11,889.7
ItaESte3,3,Italie,E,Ste,466,7,193.39999999999998
ItaESte3,3,Italie,E,Ste,466,8,380.1
ItaESte3,3,Italie,E,Ste,466,9,466.77777777777783
ItaESte3,3,Italie,E,Ste,466,10,650.1111111111111
ItaESte3,3,Italie,E,Ste,466,11,698.1428571428571
ItaESte4,4,Italie,E,Ste,423.1,7,232.29999999999995
ItaESte4,4,Italie,E,Ste,423.1,8,374.19999999999993
ItaESte4,4,Italie,E,Ste,423.1,9,602.0111111111111
ItaESte4,4,Italie,E,Ste,423.1,10,729.2333333333332
ItaESte4,4,Italie,E,Ste,423.1,11,887.9
ItaESte5,5,Italie,E,Ste,353.1,7,139
ItaESte5,5,Italie,E,Ste,353.1,8,382.69999999999993
ItaESte5,5,Italie,E,Ste,353.1,9,554.1
ItaESte5,5,Italie,E,Ste,353.1,10,714.9
ItaESte5,5,Italie,E,Ste,353.1,11,818.1
ItaESte6,6,Italie,E,Ste,454.4,7,179.20000000000005
ItaESte6,6,Italie,E,Ste,454.4,8,352
ItaESte6,6,Italie,E,Ste,454.4,9,488.70000000000005
ItaESte6,6,Italie,E,Ste,454.4,10,687.1
ItaESte6,6,Italie,E,Ste,454.4,11,789.1
ItaESte7,7,Italie,E,Ste,379,7,121.10000000000002
ItaESte7,7,Italie,E,Ste,379,8,406.4
ItaESte7,7,Italie,E,Ste,379,9,469.9
ItaESte7,7,Italie,E,Ste,379,10,664.4000000000001
ItaESte7,7,Italie,E,Ste,379,11,736.5
ItaESte8,8,Italie,E,Ste,350,7,84
ItaESte8,8,Italie,E,Ste,350,8,282
ItaESte8,8,Italie,E,Ste,350,9,377.44444444444446
ItaESte8,8,Italie,E,Ste,350,10,538.2222222222222
ItaESte8,8,Italie,E,Ste,350,11,794.4444444444443
ItaESte9,9,Italie,E,Ste,342.5,7,121.94444444444446
ItaESte9,9,Italie,E,Ste,342.5,8,312.27777777777783
ItaESte9,9,Italie,E,Ste,342.5,9,390.7222222222222
ItaESte9,9,Italie,E,Ste,342.5,10,500.625
ItaESte9,9,Italie,E,Ste,342.5,11,722.375
ItaPBact1,1,Italie,P,Bact,373.1,7,303.4
ItaPBact1,1,Italie,P,Bact,373.1,8,551.1999999999999
ItaPBact1,1,Italie,P,Bact,373.1,9,831.3444444444443
ItaPBact1,1,Italie,P,Bact,373.1,10,1118.3285714285712
ItaPBact1,1,Italie,P,Bact,373.1,11,1374.65
ItaPBact10,10,Italie,P,Bact,420.7,7,253.90000000000003
ItaPBact10,10,Italie,P,Bact,420.7,8,611.0999999999999
ItaPBact10,10,Italie,P,Bact,420.7,9,862.05
ItaPBact10,10,Italie,P,Bact,420.7,10,1112.55
ItaPBact10,10,Italie,P,Bact,420.7,11,1072.3
ItaPBact2,2,Italie,P,Bact,413.4,7,240.80000000000007
ItaPBact2,2,Italie,P,Bact,413.4,8,684.1999999999999
ItaPBact2,2,Italie,P,Bact,413.4,9,777.725
ItaPBact2,2,Italie,P,Bact,413.4,10,1128.1
ItaPBact2,2,Italie,P,Bact,413.4,11,1174.9333333333334
ItaPBact3,3,Italie,P,Bact,399.2,7,324.8
ItaPBact3,3,Italie,P,Bact,399.2,8,706.0999999999999
ItaPBact3,3,Italie,P,Bact,399.2,9,900.3714285714286
ItaPBact3,3,Italie,P,Bact,399.2,10,1107.2
ItaPBact3,3,Italie,P,Bact,399.2,11,1412.8
ItaPBact4,4,Italie,P,Bact,482.9,7,367.6
ItaPBact4,4,Italie,P,Bact,482.9,8,677.8000000000001
ItaPBact4,4,Italie,P,Bact,482.9,9,728.1
ItaPBact4,4,Italie,P,Bact,482.9,10,1082.1
ItaPBact4,4,Italie,P,Bact,482.9,11,1275.1
ItaPBact5,5,Italie,P,Bact,422.8,7,286.7
ItaPBact5,5,Italie,P,Bact,422.8,8,553.0999999999999
ItaPBact5,5,Italie,P,Bact,422.8,9,678.7
ItaPBact5,5,Italie,P,Bact,422.8,10,1047.5333333333333
ItaPBact5,5,Italie,P,Bact,422.8,11,1071
ItaPBact6,6,Italie,P,Bact,422.5,7,315.20000000000005
ItaPBact6,6,Italie,P,Bact,422.5,8,602.9000000000001
ItaPBact6,6,Italie,P,Bact,422.5,9,867.0999999999999
ItaPBact6,6,Italie,P,Bact,422.5,10,1069.7
ItaPBact6,6,Italie,P,Bact,422.5,11,1175.5
ItaPBact7,7,Italie,P,Bact,314.9,7,221.39999999999998
ItaPBact7,7,Italie,P,Bact,314.9,8,662.9
ItaPBact7,7,Italie,P,Bact,314.9,9,896.1999999999999
ItaPBact7,7,Italie,P,Bact,314.9,10,1141.6555555555556
ItaPBact7,7,Italie,P,Bact,314.9,11,1354.6
ItaPBact8,8,Italie,P,Bact,397.5,7,247.10000000000002
ItaPBact8,8,Italie,P,Bact,397.5,8,590.4
ItaPBact8,8,Italie,P,Bact,397.5,9,871.25
ItaPBact8,8,Italie,P,Bact,397.5,10,1092.75
ItaPBact8,8,Italie,P,Bact,397.5,11,1066.5
ItaPBact9,9,Italie,P,Bact,321,7,226.10000000000002
ItaPBact9,9,Italie,P,Bact,321,8,582.3333333333334
ItaPBact9,9,Italie,P,Bact,321,9,764.4444444444443
ItaPBact9,9,Italie,P,Bact,321,10,925
ItaPBact9,9,Italie,P,Bact,321,11,2145
ItaPSte1,1,Italie,P,Ste,432.3,7,367.90000000000003
ItaPSte1,1,Italie,P,Ste,432.3,8,575.7
ItaPSte1,1,Italie,P,Ste,432.3,9,725.325
ItaPSte1,1,Italie,P,Ste,432.3,10,874.7
ItaPSte1,1,Italie,P,Ste,432.3,11,1072.3666666666668
ItaPSte10,10,Italie,P,Ste,248.5,7,222.72222222222223
ItaPSte10,10,Italie,P,Ste,248.5,8,540.1666666666666
ItaPSte10,10,Italie,P,Ste,248.5,9,721.625
ItaPSte10,10,Italie,P,Ste,248.5,10,1049.3333333333333
ItaPSte10,10,Italie,P,Ste,248.5,11,1102.75
ItaPSte2,2,Italie,P,Ste,401.7,7,354.50000000000006
ItaPSte2,2,Italie,P,Ste,401.7,8,791
ItaPSte2,2,Italie,P,Ste,401.7,9,883.9666666666667
ItaPSte2,2,Italie,P,Ste,401.7,10,1017.3
ItaPSte2,2,Italie,P,Ste,401.7,11,1306.3
ItaPSte3,3,Italie,P,Ste,359.3,7,338.2
ItaPSte3,3,Italie,P,Ste,359.3,8,688.9000000000001
ItaPSte3,3,Italie,P,Ste,359.3,9,841.075
ItaPSte3,3,Italie,P,Ste,359.3,10,1107.9
ItaPSte3,3,Italie,P,Ste,359.3,11,937.7
ItaPSte4,4,Italie,P,Ste,420.3,7,321.7
ItaPSte4,4,Italie,P,Ste,420.3,8,651.5
ItaPSte4,4,Italie,P,Ste,420.3,9,844.2714285714287
ItaPSte4,4,Italie,P,Ste,420.3,10,1016.4142857142858
ItaPSte4,4,Italie,P,Ste,420.3,11,1132.7
ItaPSte5,5,Italie,P,Ste,418.3,7,290.2
ItaPSte5,5,Italie,P,Ste,418.3,8,698.7
ItaPSte5,5,Italie,P,Ste,418.3,9,790.2714285714287
ItaPSte5,5,Italie,P,Ste,418.3,10,1102.1285714285714
ItaPSte5,5,Italie,P,Ste,418.3,11,1178.2
ItaPSte6,6,Italie,P,Ste,333.8,7,297.49999999999994
ItaPSte6,6,Italie,P,Ste,333.8,8,584
ItaPSte6,6,Italie,P,Ste,333.8,9,955.9777777777779
ItaPSte6,6,Italie,P,Ste,333.8,10,1174.075
ItaPSte6,6,Italie,P,Ste,333.8,11,1121.5333333333333
ItaPSte7,7,Italie,P,Ste,401.9,7,217
ItaPSte7,7,Italie,P,Ste,401.9,8,735.1999999999999
ItaPSte7,7,Italie,P,Ste,401.9,9,924.6
ItaPSte7,7,Italie,P,Ste,401.9,10,1030.7666666666669
ItaPSte7,7,Italie,P,Ste,401.9,11,1243.1
ItaPSte8,8,Italie,P,Ste,312.8,7,204.99999999999994
ItaPSte8,8,Italie,P,Ste,312.8,8,535.5
ItaPSte8,8,Italie,P,Ste,312.8,9,662.95
ItaPSte8,8,Italie,P,Ste,312.8,10,984.3666666666668
ItaPSte8,8,Italie,P,Ste,312.8,11,567.2
ItaPSte9,9,Italie,P,Ste,278,7,192
ItaPSte9,9,Italie,P,Ste,278,8,484
ItaPSte9,9,Italie,P,Ste,278,9,788.5
ItaPSte9,9,Italie,P,Ste,278,10,1017.9000000000001
ItaPSte9,9,Italie,P,Ste,278,11,1117.8
