Rep,Bloc,Trt,Strain,Time,Growth
AllB1,B1,B,All,0,0
AllB1,B1,B,All,1,102.0888888888889
AllB1,B1,B,All,10,-4.444444444444457
AllB1,B1,B,All,11,60.66666666666674
AllB1,B1,B,All,12,11.666666666666629
AllB1,B1,B,All,13,55.33333333333337
AllB1,B1,B,All,14,15.222222222222172
AllB1,B1,B,All,2,53.55555555555554
AllB1,B1,B,All,3,22.22222222222223
AllB1,B1,B,All,4,41
AllB1,B1,B,All,5,3.3333333333333144
AllB1,B1,B,All,6,23.555555555555543
AllB1,B1,B,All,7,20.77777777777783
AllB1,B1,B,All,8,1.7777777777777146
AllB1,B1,B,All,9,18.555555555555543
AllB10,B10,B,All,0,0
AllB10,B10,B,All,1,55.5
AllB10,B10,B,All,10,60.111111111111086
AllB10,B10,B,All,11,61.111111111111086
AllB10,B10,B,All,12,10.555555555555543
AllB10,B10,B,All,13,73.44444444444446
AllB10,B10,B,All,14,8
AllB10,B10,B,All,2,57
AllB10,B10,B,All,3,15.300000000000011
AllB10,B10,B,All,4,46.188888888888926
AllB10,B10,B,All,5,34.55555555555554
AllB10,B10,B,All,6,-7.7777777777777715
AllB10,B10,B,All,7,15.666666666666629
AllB10,B10,B,All,8,-7.2222222222222285
AllB10,B10,B,All,9,24.77777777777783
AllB2,B2,B,All,0,0
AllB2,B2,B,All,1,13.233333333333292
AllB2,B2,B,All,10,4.222222222222172
AllB2,B2,B,All,11,37.22222222222217
AllB2,B2,B,All,12,27.02777777777783
AllB2,B2,B,All,13,34.125
AllB2,B2,B,All,14,40.875
AllB2,B2,B,All,2,125.44444444444446
AllB2,B2,B,All,3,28.444444444444457
AllB2,B2,B,All,4,14.888888888888857
AllB2,B2,B,All,5,21.77777777777783
AllB2,B2,B,All,6,43.333333333333314
AllB2,B2,B,All,7,10.999999999999943
AllB2,B2,B,All,8,0.4444444444444571
AllB2,B2,B,All,9,4.1111111111111995
AllB3,B3,B,All,0,0
AllB3,B3,B,All,1,31.399999999999977
AllB3,B3,B,All,10,-7.333333333333371
AllB3,B3,B,All,11,20.555555555555657
AllB3,B3,B,All,12,19.555555555555543
AllB3,B3,B,All,13,42.66666666666663
AllB3,B3,B,All,14,-17.66666666666663
AllB3,B3,B,All,2,76.10000000000002
AllB3,B3,B,All,3,4.788888888888891
AllB3,B3,B,All,4,25
AllB3,B3,B,All,5,20.4444444444444
AllB3,B3,B,All,6,7.444444444444457
AllB3,B3,B,All,7,35.22222222222223
AllB3,B3,B,All,8,31.888888888888914
AllB3,B3,B,All,9,2.6666666666666288
AllB4,B4,B,All,0,0
AllB4,B4,B,All,1,-24.73333333333329
AllB4,B4,B,All,10,33.33333333333337
AllB4,B4,B,All,11,0.4444444444444571
AllB4,B4,B,All,12,35.55555555555554
AllB4,B4,B,All,13,22.66666666666663
AllB4,B4,B,All,14,45
AllB4,B4,B,All,2,98.88888888888886
AllB4,B4,B,All,3,37
AllB4,B4,B,All,4,42.222222222222285
AllB4,B4,B,All,5,-5.888888888888914
AllB4,B4,B,All,6,-2.7777777777778283
AllB4,B4,B,All,7,34
AllB4,B4,B,All,8,12.777777777777828
AllB4,B4,B,All,9,-10.888888888888914
AllB5,B5,B,All,0,0
AllB5,B5,B,All,1,15.199999999999989
AllB5,B5,B,All,10,13.899999999999977
AllB5,B5,B,All,11,42.60000000000002
AllB5,B5,B,All,12,9.100000000000023
AllB5,B5,B,All,13,28.200000000000045
AllB5,B5,B,All,14,20.09999999999991
AllB5,B5,B,All,2,146.60000000000002
AllB5,B5,B,All,3,-73
AllB5,B5,B,All,4,41.69999999999999
AllB5,B5,B,All,5,9.099999999999966
AllB5,B5,B,All,6,3.8000000000000114
AllB5,B5,B,All,7,26
AllB5,B5,B,All,8,3.900000000000034
AllB5,B5,B,All,9,24.799999999999955
AllB6,B6,B,All,0,0
AllB6,B6,B,All,1,19.644444444444446
AllB6,B6,B,All,10,44
AllB6,B6,B,All,11,-4
AllB6,B6,B,All,12,21.125
AllB6,B6,B,All,13,48.125
AllB6,B6,B,All,14,3.5
AllB6,B6,B,All,2,51.333333333333314
AllB6,B6,B,All,3,10.555555555555543
AllB6,B6,B,All,4,26.888888888888914
AllB6,B6,B,All,5,16.444444444444457
AllB6,B6,B,All,6,27.958333333333314
AllB6,B6,B,All,7,28.625
AllB6,B6,B,All,8,2
AllB6,B6,B,All,9,3.375
AllB7,B7,B,All,0,0
AllB7,B7,B,All,1,110.6
AllB7,B7,B,All,10,50.19999999999999
AllB7,B7,B,All,11,4.555555555555543
AllB7,B7,B,All,12,63.111111111111086
AllB7,B7,B,All,13,-21.16666666666663
AllB7,B7,B,All,14,4.5
AllB7,B7,B,All,2,44.60000000000002
AllB7,B7,B,All,3,-10.900000000000034
AllB7,B7,B,All,4,23.100000000000023
AllB7,B7,B,All,5,42.89999999999998
AllB7,B7,B,All,6,-27.399999999999977
AllB7,B7,B,All,7,42.30000000000001
AllB7,B7,B,All,8,-6.300000000000011
AllB7,B7,B,All,9,13.5
AllB8,B8,B,All,0,0
AllB8,B8,B,All,1,55.811111111111074
AllB8,B8,B,All,10,38.714285714285666
AllB8,B8,B,All,11,69.95238095238096
AllB8,B8,B,All,12,15.666666666666742
AllB8,B8,B,All,13,16.5
AllB8,B8,B,All,14,18.5
AllB8,B8,B,All,2,20.013888888888914
AllB8,B8,B,All,3,5.875
AllB8,B8,B,All,4,6.25
AllB8,B8,B,All,5,16.5
AllB8,B8,B,All,6,18.5
AllB8,B8,B,All,7,15.75
AllB8,B8,B,All,8,9.5
AllB8,B8,B,All,9,12.5
AllB9,B9,B,All,0,0
AllB9,B9,B,All,1,-27.900000000000034
AllB9,B9,B,All,10,60.82222222222225
AllB9,B9,B,All,11,16.666666666666686
AllB9,B9,B,All,12,-7.888888888888914
AllB9,B9,B,All,13,39.375
AllB9,B9,B,All,14,63.125
AllB9,B9,B,All,2,53.60000000000002
AllB9,B9,B,All,3,-4.900000000000034
AllB9,B9,B,All,4,8
AllB9,B9,B,All,5,11.300000000000011
AllB9,B9,B,All,6,3.3000000000000114
AllB9,B9,B,All,7,19.19999999999999
AllB9,B9,B,All,8,23
AllB9,B9,B,All,9,8.699999999999989
AllC1,B1,C,All,0,0
AllC1,B1,C,All,1,-2.8000000000000114
AllC1,B1,C,All,10,54.80000000000007
AllC1,B1,C,All,11,30.799999999999955
AllC1,B1,C,All,12,39.10000000000002
AllC1,B1,C,All,13,38.60000000000002
AllC1,B1,C,All,14,6.399999999999977
AllC1,B1,C,All,2,81.40000000000003
AllC1,B1,C,All,3,23
AllC1,B1,C,All,4,60
AllC1,B1,C,All,5,7.2999999999999545
AllC1,B1,C,All,6,-17.799999999999955
AllC1,B1,C,All,7,72.19999999999993
AllC1,B1,C,All,8,6.300000000000068
AllC1,B1,C,All,9,11.799999999999955
AllC10,B10,C,All,0,0
AllC10,B10,C,All,1,112
AllC10,B10,C,All,10,19.777777777777715
AllC10,B10,C,All,11,71
AllC10,B10,C,All,12,86
AllC10,B10,C,All,13,-38.33333333333326
AllC10,B10,C,All,14,12.333333333333258
AllC10,B10,C,All,2,88.89999999999998
AllC10,B10,C,All,3,31.200000000000045
AllC10,B10,C,All,4,22.099999999999966
AllC10,B10,C,All,5,11.300000000000011
AllC10,B10,C,All,6,9.700000000000045
AllC10,B10,C,All,7,-6.100000000000023
AllC10,B10,C,All,8,48.89999999999998
AllC10,B10,C,All,9,16.33333333333337
AllC2,B2,C,All,0,0
AllC2,B2,C,All,1,20.5
AllC2,B2,C,All,10,47.19999999999993
AllC2,B2,C,All,11,62.10000000000002
AllC2,B2,C,All,12,27.800000000000068
AllC2,B2,C,All,13,46.19999999999993
AllC2,B2,C,All,14,13.200000000000045
AllC2,B2,C,All,2,110.60000000000002
AllC2,B2,C,All,3,24.19999999999999
AllC2,B2,C,All,4,10.5
AllC2,B2,C,All,5,42.80000000000001
AllC2,B2,C,All,6,4.699999999999989
AllC2,B2,C,All,7,8.5
AllC2,B2,C,All,8,36
AllC2,B2,C,All,9,-1.8999999999999773
AllC3,B3,C,All,0,0
AllC3,B3,C,All,1,27.399999999999977
AllC3,B3,C,All,10,50.5
AllC3,B3,C,All,11,41.700000000000045
AllC3,B3,C,All,12,56.60000000000002
AllC3,B3,C,All,13,17.299999999999955
AllC3,B3,C,All,14,16.299999999999955
AllC3,B3,C,All,2,61.39999999999998
AllC3,B3,C,All,3,34.60000000000002
AllC3,B3,C,All,4,36.30000000000001
AllC3,B3,C,All,5,19.399999999999977
AllC3,B3,C,All,6,8.699999999999989
AllC3,B3,C,All,7,-8.5
AllC3,B3,C,All,8,21
AllC3,B3,C,All,9,-1
AllC4,B4,C,All,0,0
AllC4,B4,C,All,1,18.69999999999999
AllC4,B4,C,All,10,16.600000000000023
AllC4,B4,C,All,11,47
AllC4,B4,C,All,12,87.10000000000002
AllC4,B4,C,All,13,-15.877777777777851
AllC4,B4,C,All,14,65.77777777777783
AllC4,B4,C,All,2,121
AllC4,B4,C,All,3,-44
AllC4,B4,C,All,4,28.5
AllC4,B4,C,All,5,25.200000000000045
AllC4,B4,C,All,6,-6.2000000000000455
AllC4,B4,C,All,7,14.300000000000011
AllC4,B4,C,All,8,-2
AllC4,B4,C,All,9,0.6999999999999886
AllC5,B5,C,All,0,0
AllC5,B5,C,All,1,58.200000000000045
AllC5,B5,C,All,10,40.400000000000034
AllC5,B5,C,All,11,24.199999999999932
AllC5,B5,C,All,12,4
AllC5,B5,C,All,13,46.5
AllC5,B5,C,All,14,-6.199999999999932
AllC5,B5,C,All,2,44.799999999999955
AllC5,B5,C,All,3,8.800000000000011
AllC5,B5,C,All,4,27.80000000000001
AllC5,B5,C,All,5,59.10000000000002
AllC5,B5,C,All,6,-17.80000000000001
AllC5,B5,C,All,7,5.099999999999966
AllC5,B5,C,All,8,33.80000000000001
AllC5,B5,C,All,9,29
AllC6,B6,C,All,0,0
AllC6,B6,C,All,1,20.200000000000045
AllC6,B6,C,All,10,16.850000000000023
AllC6,B6,C,All,11,26.125
AllC6,B6,C,All,12,33.125
AllC6,B6,C,All,13,43.75
AllC6,B6,C,All,14,-12.125
AllC6,B6,C,All,2,84.39999999999998
AllC6,B6,C,All,3,58.60000000000002
AllC6,B6,C,All,4,34.19999999999993
AllC6,B6,C,All,5,2.800000000000068
AllC6,B6,C,All,6,34.60000000000002
AllC6,B6,C,All,7,7
AllC6,B6,C,All,8,23.399999999999977
AllC6,B6,C,All,9,28.799999999999955
AllC7,B7,C,All,0,0
AllC7,B7,C,All,1,31.69999999999999
AllC7,B7,C,All,10,38.66666666666663
AllC7,B7,C,All,11,14
AllC7,B7,C,All,12,29.555555555555543
AllC7,B7,C,All,13,25.33333333333337
AllC7,B7,C,All,14,5.555555555555543
AllC7,B7,C,All,2,95.60000000000002
AllC7,B7,C,All,3,-19.19999999999999
AllC7,B7,C,All,4,29.399999999999977
AllC7,B7,C,All,5,28.80000000000001
AllC7,B7,C,All,6,-6.100000000000023
AllC7,B7,C,All,7,9
AllC7,B7,C,All,8,42.4111111111111
AllC7,B7,C,All,9,32.66666666666674
AllC8,B8,C,All,0,0
AllC8,B8,C,All,1,101.11111111111109
AllC8,B8,C,All,10,31.444444444444343
AllC8,B8,C,All,11,15.277777777777828
AllC8,B8,C,All,12,114.75
AllC8,B8,C,All,13,9.625
AllC8,B8,C,All,14,30.125
AllC8,B8,C,All,2,69.11111111111114
AllC8,B8,C,All,3,29.111111111111086
AllC8,B8,C,All,4,20.22222222222223
AllC8,B8,C,All,5,29.33333333333337
AllC8,B8,C,All,6,-0.4444444444444571
AllC8,B8,C,All,7,20.444444444444457
AllC8,B8,C,All,8,31.66666666666663
AllC8,B8,C,All,9,13.222222222222285
AllC9,B9,C,All,0,0
AllC9,B9,C,All,1,-3.3999999999999773
AllC9,B9,C,All,10,38.49999999999994
AllC9,B9,C,All,11,24.800000000000068
AllC9,B9,C,All,12,42.10000000000002
AllC9,B9,C,All,13,32.19999999999993
AllC9,B9,C,All,14,-8.100000000000023
AllC9,B9,C,All,2,75.29999999999995
AllC9,B9,C,All,3,-0.7999999999999545
AllC9,B9,C,All,4,12.399999999999977
AllC9,B9,C,All,5,18.80000000000001
AllC9,B9,C,All,6,16.899999999999977
AllC9,B9,C,All,7,3.1000000000000227
AllC9,B9,C,All,8,49.30000000000001
AllC9,B9,C,All,9,32.69999999999999
EspB1,B1,B,Esp,0,0
EspB1,B1,B,Esp,1,1.4000000000000057
EspB1,B1,B,Esp,10,32.333333333333314
EspB1,B1,B,Esp,11,47.11111111111114
EspB1,B1,B,Esp,12,42.777777777777715
EspB1,B1,B,Esp,13,24.888888888888914
EspB1,B1,B,Esp,14,34.888888888888914
EspB1,B1,B,Esp,2,60.70000000000002
EspB1,B1,B,Esp,3,59.344444444444434
EspB1,B1,B,Esp,4,12.222222222222229
EspB1,B1,B,Esp,5,-6.7777777777777715
EspB1,B1,B,Esp,6,31.4444444444444
EspB1,B1,B,Esp,7,20.444444444444457
EspB1,B1,B,Esp,8,17
EspB1,B1,B,Esp,9,20.22222222222223
EspB10,B10,B,Esp,0,0
EspB10,B10,B,Esp,1,75.83333333333331
EspB10,B10,B,Esp,10,52.083333333333314
EspB10,B10,B,Esp,11,51.25
EspB10,B10,B,Esp,12,21.5
EspB10,B10,B,Esp,13,15
EspB10,B10,B,Esp,14,23.75
EspB10,B10,B,Esp,2,26.666666666666686
EspB10,B10,B,Esp,3,2.111111111111086
EspB10,B10,B,Esp,4,20.5555555555556
EspB10,B10,B,Esp,5,19.888888888888857
EspB10,B10,B,Esp,6,30.666666666666686
EspB10,B10,B,Esp,7,12.222222222222229
EspB10,B10,B,Esp,8,-6.7777777777777715
EspB10,B10,B,Esp,9,19
EspB2,B2,B,Esp,0,0
EspB2,B2,B,Esp,1,44.29999999999998
EspB2,B2,B,Esp,10,28
EspB2,B2,B,Esp,11,24.333333333333314
EspB2,B2,B,Esp,12,10.777777777777828
EspB2,B2,B,Esp,13,15.236111111111086
EspB2,B2,B,Esp,14,1.125
EspB2,B2,B,Esp,2,26.400000000000034
EspB2,B2,B,Esp,3,-1.5
EspB2,B2,B,Esp,4,21.599999999999966
EspB2,B2,B,Esp,5,5.900000000000034
EspB2,B2,B,Esp,6,4.699999999999989
EspB2,B2,B,Esp,7,-12.5
EspB2,B2,B,Esp,8,41.111111111111086
EspB2,B2,B,Esp,9,23.666666666666686
EspB3,B3,B,Esp,0,0
EspB3,B3,B,Esp,1,48.75
EspB3,B3,B,Esp,10,87.6904761904762
EspB3,B3,B,Esp,11,15.166666666666629
EspB3,B3,B,Esp,12,-28.5
EspB3,B3,B,Esp,13,10.333333333333371
EspB3,B3,B,Esp,14,-8.333333333333371
EspB3,B3,B,Esp,2,25.25
EspB3,B3,B,Esp,3,23.875
EspB3,B3,B,Esp,4,1.625
EspB3,B3,B,Esp,5,15.25
EspB3,B3,B,Esp,6,7.625
EspB3,B3,B,Esp,7,-0.625
EspB3,B3,B,Esp,8,25.25
EspB3,B3,B,Esp,9,65.14285714285717
EspB4,B4,B,Esp,0,0
EspB4,B4,B,Esp,1,38.34444444444446
EspB4,B4,B,Esp,10,42.875
EspB4,B4,B,Esp,11,2.375
EspB4,B4,B,Esp,12,92
EspB4,B4,B,Esp,13,41.75
EspB4,B4,B,Esp,14,19.875
EspB4,B4,B,Esp,2,23.111111111111086
EspB4,B4,B,Esp,3,11.666666666666686
EspB4,B4,B,Esp,4,47.40277777777777
EspB4,B4,B,Esp,5,27.375
EspB4,B4,B,Esp,6,4.625
EspB4,B4,B,Esp,7,11.5
EspB4,B4,B,Esp,8,52.75
EspB4,B4,B,Esp,9,7.125
EspB5,B5,B,Esp,0,0
EspB5,B5,B,Esp,1,51.22222222222223
EspB5,B5,B,Esp,10,33.88888888888886
EspB5,B5,B,Esp,11,2.0416666666666856
EspB5,B5,B,Esp,12,8
EspB5,B5,B,Esp,13,65.76785714285711
EspB5,B5,B,Esp,14,-0.4285714285714448
EspB5,B5,B,Esp,2,24.888888888888857
EspB5,B5,B,Esp,3,15.222222222222229
EspB5,B5,B,Esp,4,14
EspB5,B5,B,Esp,5,23.444444444444457
EspB5,B5,B,Esp,6,-3.8888888888888573
EspB5,B5,B,Esp,7,10.4444444444444
EspB5,B5,B,Esp,8,42.77777777777777
EspB5,B5,B,Esp,9,26.33333333333337
EspB6,B6,B,Esp,0,0
EspB6,B6,B,Esp,1,25.19999999999999
EspB6,B6,B,Esp,10,8.800000000000011
EspB6,B6,B,Esp,11,17.19999999999999
EspB6,B6,B,Esp,12,6.100000000000023
EspB6,B6,B,Esp,13,11.5
EspB6,B6,B,Esp,14,32.700000000000045
EspB6,B6,B,Esp,2,28.400000000000034
EspB6,B6,B,Esp,3,18
EspB6,B6,B,Esp,4,15.899999999999977
EspB6,B6,B,Esp,5,12.100000000000023
EspB6,B6,B,Esp,6,15.299999999999955
EspB6,B6,B,Esp,7,22.30000000000001
EspB6,B6,B,Esp,8,45.30000000000001
EspB6,B6,B,Esp,9,37.89999999999998
EspB7,B7,B,Esp,0,0
EspB7,B7,B,Esp,1,54.377777777777766
EspB7,B7,B,Esp,10,24.25
EspB7,B7,B,Esp,11,8.125
EspB7,B7,B,Esp,12,51.25
EspB7,B7,B,Esp,13,5.5
EspB7,B7,B,Esp,14,24.125
EspB7,B7,B,Esp,2,15.222222222222229
EspB7,B7,B,Esp,3,28.125
EspB7,B7,B,Esp,4,9.875
EspB7,B7,B,Esp,5,33.625
EspB7,B7,B,Esp,6,0.375
EspB7,B7,B,Esp,7,45.625
EspB7,B7,B,Esp,8,20.125
EspB7,B7,B,Esp,9,-21.125
EspB8,B8,B,Esp,0,0
EspB8,B8,B,Esp,1,63.05000000000001
EspB8,B8,B,Esp,10,198.20000000000005
EspB8,B8,B,Esp,11,81
EspB8,B8,B,Esp,12,-12.333333333333371
EspB8,B8,B,Esp,13,42.33333333333337
EspB8,B8,B,Esp,14,27
EspB8,B8,B,Esp,2,55.678571428571445
EspB8,B8,B,Esp,3,13.285714285714278
EspB8,B8,B,Esp,4,6.14285714285711
EspB8,B8,B,Esp,5,24.428571428571445
EspB8,B8,B,Esp,6,43.04761904761904
EspB8,B8,B,Esp,7,21.33333333333337
EspB8,B8,B,Esp,8,15.666666666666629
EspB8,B8,B,Esp,9,20.46666666666664
EspB9,B9,B,Esp,0,0
EspB9,B9,B,Esp,1,65.80000000000001
EspB9,B9,B,Esp,10,-3.1999999999999886
EspB9,B9,B,Esp,11,-2.5500000000000114
EspB9,B9,B,Esp,12,65.08333333333337
EspB9,B9,B,Esp,13,-8.333333333333371
EspB9,B9,B,Esp,14,-9
EspB9,B9,B,Esp,2,20.333333333333314
EspB9,B9,B,Esp,3,17
EspB9,B9,B,Esp,4,49.76666666666671
EspB9,B9,B,Esp,5,6.399999999999977
EspB9,B9,B,Esp,6,27.399999999999977
EspB9,B9,B,Esp,7,-8.199999999999989
EspB9,B9,B,Esp,8,41.400000000000034
EspB9,B9,B,Esp,9,12.399999999999977
EspC1,B1,C,Esp,0,0
EspC1,B1,C,Esp,1,10.900000000000006
EspC1,B1,C,Esp,10,55.30000000000001
EspC1,B1,C,Esp,11,24.69999999999999
EspC1,B1,C,Esp,12,29.19999999999999
EspC1,B1,C,Esp,13,-2.599999999999966
EspC1,B1,C,Esp,14,42.30000000000001
EspC1,B1,C,Esp,2,57.19999999999999
EspC1,B1,C,Esp,3,28.600000000000023
EspC1,B1,C,Esp,4,13.5
EspC1,B1,C,Esp,5,6.5
EspC1,B1,C,Esp,6,18.5
EspC1,B1,C,Esp,7,22.099999999999966
EspC1,B1,C,Esp,8,34.5
EspC1,B1,C,Esp,9,-1
EspC10,B10,C,Esp,0,0
EspC10,B10,C,Esp,1,15.300000000000011
EspC10,B10,C,Esp,10,9.655555555555566
EspC10,B10,C,Esp,11,47.44444444444446
EspC10,B10,C,Esp,12,32.5
EspC10,B10,C,Esp,13,2.125
EspC10,B10,C,Esp,14,86.80357142857144
EspC10,B10,C,Esp,2,41.89999999999998
EspC10,B10,C,Esp,3,19.600000000000023
EspC10,B10,C,Esp,4,17.19999999999999
EspC10,B10,C,Esp,5,21.5
EspC10,B10,C,Esp,6,7.699999999999989
EspC10,B10,C,Esp,7,12.800000000000011
EspC10,B10,C,Esp,8,31
EspC10,B10,C,Esp,9,30.899999999999977
EspC2,B2,C,Esp,0,0
EspC2,B2,C,Esp,1,61.69999999999999
EspC2,B2,C,Esp,10,73.5
EspC2,B2,C,Esp,11,53.799999999999955
EspC2,B2,C,Esp,12,66.70000000000005
EspC2,B2,C,Esp,13,-4.100000000000023
EspC2,B2,C,Esp,14,40.700000000000045
EspC2,B2,C,Esp,2,13
EspC2,B2,C,Esp,3,39.30000000000001
EspC2,B2,C,Esp,4,13.300000000000011
EspC2,B2,C,Esp,5,28.099999999999966
EspC2,B2,C,Esp,6,-8
EspC2,B2,C,Esp,7,8.800000000000011
EspC2,B2,C,Esp,8,30
EspC2,B2,C,Esp,9,2.400000000000034
EspC3,B3,C,Esp,0,0
EspC3,B3,C,Esp,1,22.411111111111126
EspC3,B3,C,Esp,10,36.625
EspC3,B3,C,Esp,11,41.125
EspC3,B3,C,Esp,12,16.5
EspC3,B3,C,Esp,13,5.5
EspC3,B3,C,Esp,14,16.625
EspC3,B3,C,Esp,2,36.44444444444443
EspC3,B3,C,Esp,3,23.22222222222223
EspC3,B3,C,Esp,4,10.111111111111143
EspC3,B3,C,Esp,5,29.361111111111086
EspC3,B3,C,Esp,6,22.75
EspC3,B3,C,Esp,7,-16.25
EspC3,B3,C,Esp,8,43.25
EspC3,B3,C,Esp,9,45.625
EspC4,B4,C,Esp,0,0
EspC4,B4,C,Esp,1,48.89999999999998
EspC4,B4,C,Esp,10,62.33333333333337
EspC4,B4,C,Esp,11,-2.3333333333333712
EspC4,B4,C,Esp,12,20.666666666666742
EspC4,B4,C,Esp,13,60.33333333333326
EspC4,B4,C,Esp,14,48.33333333333337
EspC4,B4,C,Esp,2,55.60000000000002
EspC4,B4,C,Esp,3,-18.100000000000023
EspC4,B4,C,Esp,4,47.10000000000002
EspC4,B4,C,Esp,5,17.19999999999999
EspC4,B4,C,Esp,6,23.400000000000034
EspC4,B4,C,Esp,7,3
EspC4,B4,C,Esp,8,83.73333333333329
EspC4,B4,C,Esp,9,15.333333333333314
EspC5,B5,C,Esp,0,0
EspC5,B5,C,Esp,1,31.30000000000001
EspC5,B5,C,Esp,10,48.19999999999999
EspC5,B5,C,Esp,11,18.30000000000001
EspC5,B5,C,Esp,12,48.39999999999998
EspC5,B5,C,Esp,13,60.5
EspC5,B5,C,Esp,14,57.799999999999955
EspC5,B5,C,Esp,2,42.80000000000001
EspC5,B5,C,Esp,3,17.5
EspC5,B5,C,Esp,4,27.19999999999999
EspC5,B5,C,Esp,5,29.19999999999999
EspC5,B5,C,Esp,6,13.600000000000023
EspC5,B5,C,Esp,7,15
EspC5,B5,C,Esp,8,26.80000000000001
EspC5,B5,C,Esp,9,39
EspC6,B6,C,Esp,0,0
EspC6,B6,C,Esp,1,55.39999999999998
EspC6,B6,C,Esp,10,61.80000000000007
EspC6,B6,C,Esp,11,13.799999999999955
EspC6,B6,C,Esp,12,39.89999999999998
EspC6,B6,C,Esp,13,45.10000000000002
EspC6,B6,C,Esp,14,37.60000000000002
EspC6,B6,C,Esp,2,55.30000000000001
EspC6,B6,C,Esp,3,-22.69999999999999
EspC6,B6,C,Esp,4,22.19999999999999
EspC6,B6,C,Esp,5,10.400000000000034
EspC6,B6,C,Esp,6,13.299999999999955
EspC6,B6,C,Esp,7,37.900000000000034
EspC6,B6,C,Esp,8,20.80000000000001
EspC6,B6,C,Esp,9,44.299999999999955
EspC7,B7,C,Esp,0,0
EspC7,B7,C,Esp,1,38.888888888888914
EspC7,B7,C,Esp,10,68.5
EspC7,B7,C,Esp,11,16
EspC7,B7,C,Esp,12,40.875
EspC7,B7,C,Esp,13,53
EspC7,B7,C,Esp,14,5.125
EspC7,B7,C,Esp,2,21.4444444444444
EspC7,B7,C,Esp,3,28
EspC7,B7,C,Esp,4,28.444444444444457
EspC7,B7,C,Esp,5,24.666666666666686
EspC7,B7,C,Esp,6,13.111111111111086
EspC7,B7,C,Esp,7,23.33333333333337
EspC7,B7,C,Esp,8,49.111111111111086
EspC7,B7,C,Esp,9,-3.75
EspC8,B8,C,Esp,0,0
EspC8,B8,C,Esp,1,43.71111111111108
EspC8,B8,C,Esp,10,132
EspC8,B8,C,Esp,11,24.75
EspC8,B8,C,Esp,12,18.25
EspC8,B8,C,Esp,13,34.75
EspC8,B8,C,Esp,14,79.625
EspC8,B8,C,Esp,2,65.66666666666669
EspC8,B8,C,Esp,3,12.333333333333314
EspC8,B8,C,Esp,4,15.444444444444457
EspC8,B8,C,Esp,5,14.555555555555543
EspC8,B8,C,Esp,6,28.763888888888914
EspC8,B8,C,Esp,7,3.875
EspC8,B8,C,Esp,8,15.25
EspC8,B8,C,Esp,9,-9.625
EspC9,B9,C,Esp,0,0
EspC9,B9,C,Esp,1,-10.099999999999994
EspC9,B9,C,Esp,10,23.75
EspC9,B9,C,Esp,11,38.125
EspC9,B9,C,Esp,12,60.5
EspC9,B9,C,Esp,13,7.875
EspC9,B9,C,Esp,14,68.75
EspC9,B9,C,Esp,2,60.5
EspC9,B9,C,Esp,3,11.625
EspC9,B9,C,Esp,4,29.375
EspC9,B9,C,Esp,5,57.75
EspC9,B9,C,Esp,6,13.5
EspC9,B9,C,Esp,7,-11
EspC9,B9,C,Esp,8,26
EspC9,B9,C,Esp,9,56.25
FraB1,B1,B,Fra,0,0
FraB1,B1,B,Fra,1,30.599999999999994
FraB1,B1,B,Fra,10,13.800000000000011
FraB1,B1,B,Fra,11,26.399999999999977
FraB1,B1,B,Fra,12,37.200000000000045
FraB1,B1,B,Fra,13,38.19999999999999
FraB1,B1,B,Fra,14,12
FraB1,B1,B,Fra,2,30.80000000000001
FraB1,B1,B,Fra,3,16
FraB1,B1,B,Fra,4,29.30000000000001
FraB1,B1,B,Fra,5,-5.100000000000023
FraB1,B1,B,Fra,6,19.399999999999977
FraB1,B1,B,Fra,7,0.20000000000004547
FraB1,B1,B,Fra,8,12.399999999999977
FraB1,B1,B,Fra,9,28.69999999999999
FraB10,B10,B,Fra,0,0
FraB10,B10,B,Fra,1,14.125
FraB10,B10,B,Fra,10,14.428571428571445
FraB10,B10,B,Fra,11,22.714285714285722
FraB10,B10,B,Fra,12,-8.142857142857167
FraB10,B10,B,Fra,13,-11.714285714285722
FraB10,B10,B,Fra,14,19.85714285714289
FraB10,B10,B,Fra,2,19.75
FraB10,B10,B,Fra,3,13.875
FraB10,B10,B,Fra,4,25.821428571428584
FraB10,B10,B,Fra,5,2
FraB10,B10,B,Fra,6,8.142857142857139
FraB10,B10,B,Fra,7,15.714285714285722
FraB10,B10,B,Fra,8,9.14285714285711
FraB10,B10,B,Fra,9,41.428571428571445
FraB2,B2,B,Fra,0,0
FraB2,B2,B,Fra,1,16.5
FraB2,B2,B,Fra,10,21.80000000000001
FraB2,B2,B,Fra,11,-2.1999999999999886
FraB2,B2,B,Fra,12,62.19999999999999
FraB2,B2,B,Fra,13,58.4666666666667
FraB2,B2,B,Fra,14,37.666666666666686
FraB2,B2,B,Fra,2,24.30000000000001
FraB2,B2,B,Fra,3,16.099999999999966
FraB2,B2,B,Fra,4,12.600000000000023
FraB2,B2,B,Fra,5,27.600000000000023
FraB2,B2,B,Fra,6,-4.400000000000034
FraB2,B2,B,Fra,7,22.69999999999999
FraB2,B2,B,Fra,8,-4.699999999999989
FraB2,B2,B,Fra,9,18.69999999999999
FraB3,B3,B,Fra,0,0
FraB3,B3,B,Fra,1,29.80000000000001
FraB3,B3,B,Fra,10,34.10000000000002
FraB3,B3,B,Fra,11,-8.600000000000023
FraB3,B3,B,Fra,12,46.10000000000002
FraB3,B3,B,Fra,13,22.399999999999977
FraB3,B3,B,Fra,14,-3.8999999999999773
FraB3,B3,B,Fra,2,35.400000000000006
FraB3,B3,B,Fra,3,8.199999999999989
FraB3,B3,B,Fra,4,48.5
FraB3,B3,B,Fra,5,-7.100000000000023
FraB3,B3,B,Fra,6,-5.5
FraB3,B3,B,Fra,7,23.900000000000034
FraB3,B3,B,Fra,8,15
FraB3,B3,B,Fra,9,45.89999999999998
FraB4,B4,B,Fra,0,0
FraB4,B4,B,Fra,1,59.900000000000006
FraB4,B4,B,Fra,10,33.333333333333314
FraB4,B4,B,Fra,11,31.77777777777777
FraB4,B4,B,Fra,12,50.5555555555556
FraB4,B4,B,Fra,13,11.666666666666629
FraB4,B4,B,Fra,14,34.5555555555556
FraB4,B4,B,Fra,2,0.7857142857142776
FraB4,B4,B,Fra,3,-10.063492063492049
FraB4,B4,B,Fra,4,35.44444444444446
FraB4,B4,B,Fra,5,1.8888888888888573
FraB4,B4,B,Fra,6,15.777777777777771
FraB4,B4,B,Fra,7,-5.888888888888857
FraB4,B4,B,Fra,8,13.888888888888857
FraB4,B4,B,Fra,9,29.666666666666686
FraB5,B5,B,Fra,0,0
FraB5,B5,B,Fra,1,29.200000000000017
FraB5,B5,B,Fra,10,53.10000000000002
FraB5,B5,B,Fra,11,5.599999999999966
FraB5,B5,B,Fra,12,16.69999999999999
FraB5,B5,B,Fra,13,34.700000000000045
FraB5,B5,B,Fra,14,-5.800000000000068
FraB5,B5,B,Fra,2,52
FraB5,B5,B,Fra,3,17.19999999999999
FraB5,B5,B,Fra,4,18.69999999999999
FraB5,B5,B,Fra,5,8.900000000000034
FraB5,B5,B,Fra,6,-3.7000000000000455
FraB5,B5,B,Fra,7,24.100000000000023
FraB5,B5,B,Fra,8,29.19999999999999
FraB5,B5,B,Fra,9,47.30000000000001
FraB6,B6,B,Fra,0,0
FraB6,B6,B,Fra,1,21.700000000000017
FraB6,B6,B,Fra,10,6.100000000000023
FraB6,B6,B,Fra,11,49.799999999999955
FraB6,B6,B,Fra,12,4.400000000000034
FraB6,B6,B,Fra,13,14
FraB6,B6,B,Fra,14,-8.300000000000011
FraB6,B6,B,Fra,2,51.20000000000002
FraB6,B6,B,Fra,3,4.7999999999999545
FraB6,B6,B,Fra,4,21.80000000000001
FraB6,B6,B,Fra,5,4.400000000000034
FraB6,B6,B,Fra,6,-1.400000000000034
FraB6,B6,B,Fra,7,14.300000000000011
FraB6,B6,B,Fra,8,19.69999999999999
FraB6,B6,B,Fra,9,64.80000000000001
FraB7,B7,B,Fra,0,0
FraB7,B7,B,Fra,1,49.099999999999994
FraB7,B7,B,Fra,10,-9.888888888888914
FraB7,B7,B,Fra,11,16.33333333333337
FraB7,B7,B,Fra,12,3.1333333333333258
FraB7,B7,B,Fra,13,35.42222222222216
FraB7,B7,B,Fra,14,29.52777777777783
FraB7,B7,B,Fra,2,53.27777777777777
FraB7,B7,B,Fra,3,16.22222222222223
FraB7,B7,B,Fra,4,8.222222222222229
FraB7,B7,B,Fra,5,16.666666666666686
FraB7,B7,B,Fra,6,36
FraB7,B7,B,Fra,7,35.66666666666663
FraB7,B7,B,Fra,8,27.77777777777777
FraB7,B7,B,Fra,9,24.888888888888914
FraB8,B8,B,Fra,0,0
FraB8,B8,B,Fra,1,37.900000000000006
FraB8,B8,B,Fra,10,29.66666666666663
FraB8,B8,B,Fra,11,18.77777777777783
FraB8,B8,B,Fra,12,30.22222222222217
FraB8,B8,B,Fra,13,-14.111111111111086
FraB8,B8,B,Fra,14,-23.333333333333314
FraB8,B8,B,Fra,2,14.400000000000006
FraB8,B8,B,Fra,3,6.5
FraB8,B8,B,Fra,4,4.199999999999989
FraB8,B8,B,Fra,5,12.699999999999989
FraB8,B8,B,Fra,6,-1.8999999999999773
FraB8,B8,B,Fra,7,1.3999999999999773
FraB8,B8,B,Fra,8,9.077777777777783
FraB8,B8,B,Fra,9,34.666666666666686
FraB9,B9,B,Fra,0,0
FraB9,B9,B,Fra,1,21.5
FraB9,B9,B,Fra,10,36.10000000000002
FraB9,B9,B,Fra,11,17.399999999999977
FraB9,B9,B,Fra,12,35.10000000000002
FraB9,B9,B,Fra,13,25.799999999999955
FraB9,B9,B,Fra,14,-17.099999999999966
FraB9,B9,B,Fra,2,37.69999999999999
FraB9,B9,B,Fra,3,17.299999999999983
FraB9,B9,B,Fra,4,24.30000000000001
FraB9,B9,B,Fra,5,19.100000000000023
FraB9,B9,B,Fra,6,-9.100000000000023
FraB9,B9,B,Fra,7,-7.5
FraB9,B9,B,Fra,8,114.40000000000003
FraB9,B9,B,Fra,9,-22.600000000000023
FraC1,B1,C,Fra,0,0
FraC1,B1,C,Fra,1,30.900000000000006
FraC1,B1,C,Fra,10,68.60000000000002
FraC1,B1,C,Fra,11,20.80000000000001
FraC1,B1,C,Fra,12,7.199999999999989
FraC1,B1,C,Fra,13,86.40000000000003
FraC1,B1,C,Fra,14,-24.90000000000009
FraC1,B1,C,Fra,2,27.400000000000006
FraC1,B1,C,Fra,3,20.69999999999999
FraC1,B1,C,Fra,4,43.5
FraC1,B1,C,Fra,5,-3.3999999999999773
FraC1,B1,C,Fra,6,12
FraC1,B1,C,Fra,7,0.7999999999999545
FraC1,B1,C,Fra,8,30.30000000000001
FraC1,B1,C,Fra,9,1
FraC10,B10,C,Fra,0,0
FraC10,B10,C,Fra,1,13.400000000000006
FraC10,B10,C,Fra,10,28.30000000000001
FraC10,B10,C,Fra,11,36.89999999999998
FraC10,B10,C,Fra,12,28.399999999999977
FraC10,B10,C,Fra,13,40.60000000000002
FraC10,B10,C,Fra,14,-18.5
FraC10,B10,C,Fra,2,51.400000000000006
FraC10,B10,C,Fra,3,18
FraC10,B10,C,Fra,4,28.899999999999977
FraC10,B10,C,Fra,5,1
FraC10,B10,C,Fra,6,13.699999999999989
FraC10,B10,C,Fra,7,14.100000000000023
FraC10,B10,C,Fra,8,24.19999999999999
FraC10,B10,C,Fra,9,38.10000000000002
FraC2,B2,C,Fra,0,0
FraC2,B2,C,Fra,1,23.5
FraC2,B2,C,Fra,10,90.69999999999999
FraC2,B2,C,Fra,11,23.5
FraC2,B2,C,Fra,12,46
FraC2,B2,C,Fra,13,-1.6999999999999318
FraC2,B2,C,Fra,14,30
FraC2,B2,C,Fra,2,88.60000000000002
FraC2,B2,C,Fra,3,17.599999999999966
FraC2,B2,C,Fra,4,11.100000000000023
FraC2,B2,C,Fra,5,21.099999999999966
FraC2,B2,C,Fra,6,-3.6999999999999886
FraC2,B2,C,Fra,7,17.69999999999999
FraC2,B2,C,Fra,8,31
FraC2,B2,C,Fra,9,12.300000000000011
FraC3,B3,C,Fra,0,0
FraC3,B3,C,Fra,1,2.700000000000017
FraC3,B3,C,Fra,10,25.30000000000001
FraC3,B3,C,Fra,11,23.900000000000034
FraC3,B3,C,Fra,12,35.599999999999966
FraC3,B3,C,Fra,13,14.900000000000034
FraC3,B3,C,Fra,14,54.799999999999955
FraC3,B3,C,Fra,2,29.099999999999994
FraC3,B3,C,Fra,3,27.30000000000001
FraC3,B3,C,Fra,4,19.399999999999977
FraC3,B3,C,Fra,5,28.30000000000001
FraC3,B3,C,Fra,6,13.300000000000011
FraC3,B3,C,Fra,7,20.30000000000001
FraC3,B3,C,Fra,8,7
FraC3,B3,C,Fra,9,21.299999999999955
FraC4,B4,C,Fra,0,0
FraC4,B4,C,Fra,1,10.600000000000023
FraC4,B4,C,Fra,10,53.19999999999999
FraC4,B4,C,Fra,11,1.8999999999999773
FraC4,B4,C,Fra,12,32.80000000000001
FraC4,B4,C,Fra,13,53.5
FraC4,B4,C,Fra,14,26.399999999999977
FraC4,B4,C,Fra,2,46.599999999999966
FraC4,B4,C,Fra,3,10.300000000000011
FraC4,B4,C,Fra,4,20.100000000000023
FraC4,B4,C,Fra,5,38.599999999999966
FraC4,B4,C,Fra,6,12.600000000000023
FraC4,B4,C,Fra,7,23.399999999999977
FraC4,B4,C,Fra,8,3.900000000000034
FraC4,B4,C,Fra,9,30.30000000000001
FraC5,B5,C,Fra,0,0
FraC5,B5,C,Fra,1,26.200000000000017
FraC5,B5,C,Fra,10,31.400000000000034
FraC5,B5,C,Fra,11,41
FraC5,B5,C,Fra,12,48
FraC5,B5,C,Fra,13,47.799999999999955
FraC5,B5,C,Fra,14,45.60000000000002
FraC5,B5,C,Fra,2,53.39999999999998
FraC5,B5,C,Fra,3,11.600000000000023
FraC5,B5,C,Fra,4,20.19999999999999
FraC5,B5,C,Fra,5,49
FraC5,B5,C,Fra,6,-2.8000000000000114
FraC5,B5,C,Fra,7,28.400000000000034
FraC5,B5,C,Fra,8,17.299999999999955
FraC5,B5,C,Fra,9,48.30000000000001
FraC6,B6,C,Fra,0,0
FraC6,B6,C,Fra,1,28.69999999999999
FraC6,B6,C,Fra,10,3.5
FraC6,B6,C,Fra,11,20.80000000000001
FraC6,B6,C,Fra,12,20
FraC6,B6,C,Fra,13,57.19999999999993
FraC6,B6,C,Fra,14,34.5
FraC6,B6,C,Fra,2,44.89999999999998
FraC6,B6,C,Fra,3,8.5
FraC6,B6,C,Fra,4,27.400000000000034
FraC6,B6,C,Fra,5,24.599999999999966
FraC6,B6,C,Fra,6,-1.8999999999999773
FraC6,B6,C,Fra,7,23.399999999999977
FraC6,B6,C,Fra,8,56.10000000000002
FraC6,B6,C,Fra,9,38.80000000000001
FraC7,B7,C,Fra,0,0
FraC7,B7,C,Fra,1,51.76666666666668
FraC7,B7,C,Fra,10,61.44444444444446
FraC7,B7,C,Fra,11,7.111111111111086
FraC7,B7,C,Fra,12,49.33333333333337
FraC7,B7,C,Fra,13,34.111111111111086
FraC7,B7,C,Fra,14,16.33333333333337
FraC7,B7,C,Fra,2,53.111111111111086
FraC7,B7,C,Fra,3,20.888888888888914
FraC7,B7,C,Fra,4,40.22222222222223
FraC7,B7,C,Fra,5,-10.222222222222229
FraC7,B7,C,Fra,6,42.333333333333314
FraC7,B7,C,Fra,7,82.66666666666669
FraC7,B7,C,Fra,8,5.888888888888857
FraC7,B7,C,Fra,9,28.444444444444457
FraC8,B8,C,Fra,0,0
FraC8,B8,C,Fra,1,17.30000000000001
FraC8,B8,C,Fra,10,29.19999999999999
FraC8,B8,C,Fra,11,9.600000000000023
FraC8,B8,C,Fra,12,17.69999999999999
FraC8,B8,C,Fra,13,29.80000000000001
FraC8,B8,C,Fra,14,29.30000000000001
FraC8,B8,C,Fra,2,34
FraC8,B8,C,Fra,3,4.699999999999989
FraC8,B8,C,Fra,4,13.300000000000011
FraC8,B8,C,Fra,5,26.599999999999966
FraC8,B8,C,Fra,6,40.60000000000002
FraC8,B8,C,Fra,7,-14.600000000000023
FraC8,B8,C,Fra,8,39.700000000000045
FraC8,B8,C,Fra,9,24.899999999999977
FraC9,B9,C,Fra,0,0
FraC9,B9,C,Fra,1,33.94444444444446
FraC9,B9,C,Fra,10,57.4444444444444
FraC9,B9,C,Fra,11,15.666666666666742
FraC9,B9,C,Fra,12,30.22222222222217
FraC9,B9,C,Fra,13,37
FraC9,B9,C,Fra,14,41.111111111111086
FraC9,B9,C,Fra,2,52.77777777777777
FraC9,B9,C,Fra,3,-7.666666666666686
FraC9,B9,C,Fra,4,24
FraC9,B9,C,Fra,5,34.55555555555554
FraC9,B9,C,Fra,6,-3.555555555555543
FraC9,B9,C,Fra,7,41.888888888888914
FraC9,B9,C,Fra,8,17.77777777777777
FraC9,B9,C,Fra,9,27.444444444444457
GreB1,B1,B,Gre,0,0
GreB1,B1,B,Gre,1,40.30000000000001
GreB1,B1,B,Gre,10,92.75555555555553
GreB1,B1,B,Gre,11,8.555555555555543
GreB1,B1,B,Gre,12,27.666666666666742
GreB1,B1,B,Gre,13,24.333333333333258
GreB1,B1,B,Gre,14,12.555555555555543
GreB1,B1,B,Gre,2,14.300000000000011
GreB1,B1,B,Gre,3,29.899999999999977
GreB1,B1,B,Gre,4,17
GreB1,B1,B,Gre,5,13.600000000000023
GreB1,B1,B,Gre,6,3.6999999999999886
GreB1,B1,B,Gre,7,9.300000000000011
GreB1,B1,B,Gre,8,34
GreB1,B1,B,Gre,9,21.19999999999999
GreB10,B10,B,Gre,0,0
GreB10,B10,B,Gre,1,16.72222222222223
GreB10,B10,B,Gre,10,60.166666666666686
GreB10,B10,B,Gre,11,38.333333333333314
GreB10,B10,B,Gre,12,127.16666666666663
GreB10,B10,B,Gre,13,68.33333333333337
GreB10,B10,B,Gre,14,11.666666666666629
GreB10,B10,B,Gre,2,29.15277777777777
GreB10,B10,B,Gre,3,8.375
GreB10,B10,B,Gre,4,13.625
GreB10,B10,B,Gre,5,28.25
GreB10,B10,B,Gre,6,2.75
GreB10,B10,B,Gre,7,32.625
GreB10,B10,B,Gre,8,14.333333333333314
GreB10,B10,B,Gre,9,9.666666666666686
GreB2,B2,B,Gre,0,0
GreB2,B2,B,Gre,1,54.099999999999966
GreB2,B2,B,Gre,10,62.23333333333335
GreB2,B2,B,Gre,11,15.8888888888888
GreB2,B2,B,Gre,12,36
GreB2,B2,B,Gre,13,23.77777777777783
GreB2,B2,B,Gre,14,29.555555555555543
GreB2,B2,B,Gre,2,41.30000000000001
GreB2,B2,B,Gre,3,13.600000000000023
GreB2,B2,B,Gre,4,17.80000000000001
GreB2,B2,B,Gre,5,38
GreB2,B2,B,Gre,6,0.7999999999999545
GreB2,B2,B,Gre,7,-7.899999999999977
GreB2,B2,B,Gre,8,28.19999999999999
GreB2,B2,B,Gre,9,40.900000000000034
GreB3,B3,B,Gre,0,0
GreB3,B3,B,Gre,1,31.80000000000001
GreB3,B3,B,Gre,10,22.099999999999966
GreB3,B3,B,Gre,11,26.100000000000023
GreB3,B3,B,Gre,12,69.8222222222222
GreB3,B3,B,Gre,13,16.444444444444457
GreB3,B3,B,Gre,14,36.222222222222285
GreB3,B3,B,Gre,2,26.099999999999966
GreB3,B3,B,Gre,3,29.19999999999999
GreB3,B3,B,Gre,4,23.700000000000045
GreB3,B3,B,Gre,5,8.699999999999989
GreB3,B3,B,Gre,6,11.5
GreB3,B3,B,Gre,7,37.39999999999998
GreB3,B3,B,Gre,8,24.100000000000023
GreB3,B3,B,Gre,9,52.39999999999998
GreB4,B4,B,Gre,0,0
GreB4,B4,B,Gre,1,-53.17777777777775
GreB4,B4,B,Gre,10,40.77777777777777
GreB4,B4,B,Gre,11,5.7777777777777715
GreB4,B4,B,Gre,12,36.88888888888886
GreB4,B4,B,Gre,13,-5.555555555555543
GreB4,B4,B,Gre,14,74.31944444444446
GreB4,B4,B,Gre,2,28.555555555555543
GreB4,B4,B,Gre,3,9.888888888888914
GreB4,B4,B,Gre,4,10.4444444444444
GreB4,B4,B,Gre,5,2.1111111111111427
GreB4,B4,B,Gre,6,17.22222222222223
GreB4,B4,B,Gre,7,34.22222222222223
GreB4,B4,B,Gre,8,17.4444444444444
GreB4,B4,B,Gre,9,27.5555555555556
GreB5,B5,B,Gre,0,0
GreB5,B5,B,Gre,1,62
GreB5,B5,B,Gre,10,29.85714285714289
GreB5,B5,B,Gre,11,31.428571428571445
GreB5,B5,B,Gre,12,27
GreB5,B5,B,Gre,13,10.14285714285711
GreB5,B5,B,Gre,14,0.5714285714285552
GreB5,B5,B,Gre,2,30.077777777777783
GreB5,B5,B,Gre,3,17.444444444444457
GreB5,B5,B,Gre,4,31.111111111111086
GreB5,B5,B,Gre,5,-5.2222222222222285
GreB5,B5,B,Gre,6,28.888888888888914
GreB5,B5,B,Gre,7,32.625
GreB5,B5,B,Gre,8,10.625
GreB5,B5,B,Gre,9,66.75
GreB6,B6,B,Gre,0,0
GreB6,B6,B,Gre,1,39.877777777777794
GreB6,B6,B,Gre,10,40.77777777777777
GreB6,B6,B,Gre,11,27.111111111111086
GreB6,B6,B,Gre,12,43
GreB6,B6,B,Gre,13,12.555555555555543
GreB6,B6,B,Gre,14,83.02777777777783
GreB6,B6,B,Gre,2,20.111111111111143
GreB6,B6,B,Gre,3,19.333333333333314
GreB6,B6,B,Gre,4,23.111111111111086
GreB6,B6,B,Gre,5,0
GreB6,B6,B,Gre,6,22.77777777777777
GreB6,B6,B,Gre,7,13.888888888888914
GreB6,B6,B,Gre,8,40.111111111111086
GreB6,B6,B,Gre,9,-7.333333333333314
GreB7,B7,B,Gre,0,0
GreB7,B7,B,Gre,1,50.80000000000001
GreB7,B7,B,Gre,10,44.5
GreB7,B7,B,Gre,11,38.875
GreB7,B7,B,Gre,12,66.39285714285711
GreB7,B7,B,Gre,13,58.428571428571445
GreB7,B7,B,Gre,14,39.14285714285711
GreB7,B7,B,Gre,2,26.78888888888889
GreB7,B7,B,Gre,3,29.888888888888857
GreB7,B7,B,Gre,4,44.333333333333314
GreB7,B7,B,Gre,5,11.5555555555556
GreB7,B7,B,Gre,6,21.77777777777777
GreB7,B7,B,Gre,7,27.66666666666663
GreB7,B7,B,Gre,8,18.444444444444457
GreB7,B7,B,Gre,9,7.819444444444457
GreB8,B8,B,Gre,0,0
GreB8,B8,B,Gre,1,31.55000000000001
GreB8,B8,B,Gre,10,-45.190476190476204
GreB8,B8,B,Gre,11,-0.16666666666668561
GreB8,B8,B,Gre,12,47.5
GreB8,B8,B,Gre,13,6.333333333333371
GreB8,B8,B,Gre,14,28.16666666666663
GreB8,B8,B,Gre,2,31.375
GreB8,B8,B,Gre,3,12.625
GreB8,B8,B,Gre,4,20.125
GreB8,B8,B,Gre,5,8
GreB8,B8,B,Gre,6,16.125
GreB8,B8,B,Gre,7,0.125
GreB8,B8,B,Gre,8,31.660714285714278
GreB8,B8,B,Gre,9,132.5714285714286
GreB9,B9,B,Gre,0,0
GreB9,B9,B,Gre,1,68.09999999999997
GreB9,B9,B,Gre,10,87.4920634920635
GreB9,B9,B,Gre,11,57.85714285714283
GreB9,B9,B,Gre,12,-10.28571428571422
GreB9,B9,B,Gre,13,40.857142857142776
GreB9,B9,B,Gre,14,40.71428571428578
GreB9,B9,B,Gre,2,11.322222222222251
GreB9,B9,B,Gre,3,8.777777777777771
GreB9,B9,B,Gre,4,21.555555555555543
GreB9,B9,B,Gre,5,20.111111111111143
GreB9,B9,B,Gre,6,9
GreB9,B9,B,Gre,7,-1.1111111111111427
GreB9,B9,B,Gre,8,27.555555555555543
GreB9,B9,B,Gre,9,27.111111111111143
GreC1,B1,C,Gre,0,0
GreC1,B1,C,Gre,1,28.5
GreC1,B1,C,Gre,10,53.9111111111111
GreC1,B1,C,Gre,11,49.22222222222223
GreC1,B1,C,Gre,12,20.666666666666686
GreC1,B1,C,Gre,13,14.666666666666629
GreC1,B1,C,Gre,14,19.222222222222285
GreC1,B1,C,Gre,2,51.20000000000002
GreC1,B1,C,Gre,3,-16.00000000000003
GreC1,B1,C,Gre,4,52.900000000000006
GreC1,B1,C,Gre,5,3.1000000000000227
GreC1,B1,C,Gre,6,10.099999999999966
GreC1,B1,C,Gre,7,16.69999999999999
GreC1,B1,C,Gre,8,49.80000000000001
GreC1,B1,C,Gre,9,7
GreC10,B10,C,Gre,0,0
GreC10,B10,C,Gre,1,31.399999999999977
GreC10,B10,C,Gre,10,44.60000000000002
GreC10,B10,C,Gre,11,11.899999999999977
GreC10,B10,C,Gre,12,55.799999999999955
GreC10,B10,C,Gre,13,11.899999999999977
GreC10,B10,C,Gre,14,29.100000000000023
GreC10,B10,C,Gre,2,71.90000000000003
GreC10,B10,C,Gre,3,11.699999999999989
GreC10,B10,C,Gre,4,17.5
GreC10,B10,C,Gre,5,29.69999999999999
GreC10,B10,C,Gre,6,-19.100000000000023
GreC10,B10,C,Gre,7,9.800000000000011
GreC10,B10,C,Gre,8,59.900000000000034
GreC10,B10,C,Gre,9,63.5
GreC2,B2,C,Gre,0,0
GreC2,B2,C,Gre,1,16
GreC2,B2,C,Gre,10,77.76666666666671
GreC2,B2,C,Gre,11,51.555555555555486
GreC2,B2,C,Gre,12,50.66666666666674
GreC2,B2,C,Gre,13,14.666666666666629
GreC2,B2,C,Gre,14,-8.777777777777715
GreC2,B2,C,Gre,2,35.80000000000001
GreC2,B2,C,Gre,3,45.60000000000002
GreC2,B2,C,Gre,4,21.5
GreC2,B2,C,Gre,5,13.799999999999955
GreC2,B2,C,Gre,6,-6.199999999999989
GreC2,B2,C,Gre,7,5.300000000000011
GreC2,B2,C,Gre,8,20.5
GreC2,B2,C,Gre,9,38.39999999999998
GreC3,B3,C,Gre,0,0
GreC3,B3,C,Gre,1,-16.599999999999994
GreC3,B3,C,Gre,10,75.66666666666663
GreC3,B3,C,Gre,11,47.44444444444446
GreC3,B3,C,Gre,12,33
GreC3,B3,C,Gre,13,14.111111111111086
GreC3,B3,C,Gre,14,9.888888888888914
GreC3,B3,C,Gre,2,69.6
GreC3,B3,C,Gre,3,38.400000000000034
GreC3,B3,C,Gre,4,48.299999999999955
GreC3,B3,C,Gre,5,-1.2999999999999545
GreC3,B3,C,Gre,6,-6.2000000000000455
GreC3,B3,C,Gre,7,-0.0999999999999659
GreC3,B3,C,Gre,8,98.5333333333333
GreC3,B3,C,Gre,9,46.444444444444514
GreC4,B4,C,Gre,0,0
GreC4,B4,C,Gre,1,16.5
GreC4,B4,C,Gre,10,75.70000000000005
GreC4,B4,C,Gre,11,67.19999999999993
GreC4,B4,C,Gre,12,56.10000000000002
GreC4,B4,C,Gre,13,19.700000000000045
GreC4,B4,C,Gre,14,4.2999999999999545
GreC4,B4,C,Gre,2,74.5
GreC4,B4,C,Gre,3,36.60000000000002
GreC4,B4,C,Gre,4,32.799999999999955
GreC4,B4,C,Gre,5,24.30000000000001
GreC4,B4,C,Gre,6,-10.599999999999966
GreC4,B4,C,Gre,7,9.199999999999989
GreC4,B4,C,Gre,8,11
GreC4,B4,C,Gre,9,40.69999999999999
GreC5,B5,C,Gre,0,0
GreC5,B5,C,Gre,1,43.60000000000002
GreC5,B5,C,Gre,10,38.10000000000002
GreC5,B5,C,Gre,11,21.199999999999932
GreC5,B5,C,Gre,12,8.300000000000068
GreC5,B5,C,Gre,13,-21.100000000000023
GreC5,B5,C,Gre,14,51.69999999999993
GreC5,B5,C,Gre,2,43.599999999999966
GreC5,B5,C,Gre,3,25.400000000000034
GreC5,B5,C,Gre,4,17.69999999999999
GreC5,B5,C,Gre,5,-2.5
GreC5,B5,C,Gre,6,10.199999999999989
GreC5,B5,C,Gre,7,43.60000000000002
GreC5,B5,C,Gre,8,44.5
GreC5,B5,C,Gre,9,76.80000000000001
GreC6,B6,C,Gre,0,0
GreC6,B6,C,Gre,1,58.80000000000001
GreC6,B6,C,Gre,10,50.099999999999966
GreC6,B6,C,Gre,11,-3.599999999999966
GreC6,B6,C,Gre,12,25.5
GreC6,B6,C,Gre,13,2.2999999999999545
GreC6,B6,C,Gre,14,8.600000000000023
GreC6,B6,C,Gre,2,37.19999999999999
GreC6,B6,C,Gre,3,16.899999999999977
GreC6,B6,C,Gre,4,15.600000000000023
GreC6,B6,C,Gre,5,-1.6999999999999886
GreC6,B6,C,Gre,6,0.5
GreC6,B6,C,Gre,7,25.19999999999999
GreC6,B6,C,Gre,8,66.5
GreC6,B6,C,Gre,9,15.100000000000023
GreC7,B7,C,Gre,0,0
GreC7,B7,C,Gre,1,69.80000000000001
GreC7,B7,C,Gre,10,39.39999999999998
GreC7,B7,C,Gre,11,13.400000000000091
GreC7,B7,C,Gre,12,54.59999999999991
GreC7,B7,C,Gre,13,32.477777777777874
GreC7,B7,C,Gre,14,26.8888888888888
GreC7,B7,C,Gre,2,41.30000000000001
GreC7,B7,C,Gre,3,29
GreC7,B7,C,Gre,4,0.39999999999997726
GreC7,B7,C,Gre,5,2.3000000000000114
GreC7,B7,C,Gre,6,36.60000000000002
GreC7,B7,C,Gre,7,63.89999999999998
GreC7,B7,C,Gre,8,1.1999999999999886
GreC7,B7,C,Gre,9,38.69999999999999
GreC8,B8,C,Gre,0,0
GreC8,B8,C,Gre,1,33.10000000000002
GreC8,B8,C,Gre,10,51.700000000000045
GreC8,B8,C,Gre,11,-11.100000000000023
GreC8,B8,C,Gre,12,22.5
GreC8,B8,C,Gre,13,50.39999999999998
GreC8,B8,C,Gre,14,21.5
GreC8,B8,C,Gre,2,63.89999999999998
GreC8,B8,C,Gre,3,22.400000000000034
GreC8,B8,C,Gre,4,12.699999999999989
GreC8,B8,C,Gre,5,-3.900000000000034
GreC8,B8,C,Gre,6,68.20000000000005
GreC8,B8,C,Gre,7,6.899999999999977
GreC8,B8,C,Gre,8,35.39999999999998
GreC8,B8,C,Gre,9,50.89999999999998
GreC9,B9,C,Gre,0,0
GreC9,B9,C,Gre,1,78.19999999999999
GreC9,B9,C,Gre,10,87.19999999999993
GreC9,B9,C,Gre,11,28.40000000000009
GreC9,B9,C,Gre,12,62.89999999999998
GreC9,B9,C,Gre,13,-5.300000000000068
GreC9,B9,C,Gre,14,56.5
GreC9,B9,C,Gre,2,38.10000000000002
GreC9,B9,C,Gre,3,12.5
GreC9,B9,C,Gre,4,21.399999999999977
GreC9,B9,C,Gre,5,35.30000000000001
GreC9,B9,C,Gre,6,11.699999999999989
GreC9,B9,C,Gre,7,28.80000000000001
GreC9,B9,C,Gre,8,50.30000000000001
GreC9,B9,C,Gre,9,32.80000000000001
Inv1B1,B1,B,Inv1,0,0
Inv1B1,B1,B,Inv1,1,51.099999999999966
Inv1B1,B1,B,Inv1,10,69.125
Inv1B1,B1,B,Inv1,11,49.5
Inv1B1,B1,B,Inv1,12,41
Inv1B1,B1,B,Inv1,13,12.25
Inv1B1,B1,B,Inv1,14,25.196428571428555
Inv1B1,B1,B,Inv1,2,31.30000000000001
Inv1B1,B1,B,Inv1,3,37.80000000000001
Inv1B1,B1,B,Inv1,4,18.5
Inv1B1,B1,B,Inv1,5,12.800000000000011
Inv1B1,B1,B,Inv1,6,-7.300000000000011
Inv1B1,B1,B,Inv1,7,10.800000000000011
Inv1B1,B1,B,Inv1,8,26.44999999999999
Inv1B1,B1,B,Inv1,9,19.25
Inv1B10,B10,B,Inv1,0,0
Inv1B10,B10,B,Inv1,1,84.82222222222222
Inv1B10,B10,B,Inv1,10,98.46428571428567
Inv1B10,B10,B,Inv1,11,10.571428571428669
Inv1B10,B10,B,Inv1,12,17.42857142857133
Inv1B10,B10,B,Inv1,13,22.285714285714334
Inv1B10,B10,B,Inv1,14,-50.285714285714334
Inv1B10,B10,B,Inv1,2,22.22222222222223
Inv1B10,B10,B,Inv1,3,13.666666666666629
Inv1B10,B10,B,Inv1,4,29.5555555555556
Inv1B10,B10,B,Inv1,5,6.4444444444444
Inv1B10,B10,B,Inv1,6,-0.11111111111108585
Inv1B10,B10,B,Inv1,7,2
Inv1B10,B10,B,Inv1,8,26.25
Inv1B10,B10,B,Inv1,9,55
Inv1B2,B2,B,Inv1,0,0
Inv1B2,B2,B,Inv1,1,21.69999999999999
Inv1B2,B2,B,Inv1,10,54
Inv1B2,B2,B,Inv1,11,29
Inv1B2,B2,B,Inv1,12,47.66666666666663
Inv1B2,B2,B,Inv1,13,110.03333333333342
Inv1B2,B2,B,Inv1,14,-16.600000000000023
Inv1B2,B2,B,Inv1,2,40
Inv1B2,B2,B,Inv1,3,25.5
Inv1B2,B2,B,Inv1,4,13.922222222222217
Inv1B2,B2,B,Inv1,5,33.55555555555554
Inv1B2,B2,B,Inv1,6,7.555555555555543
Inv1B2,B2,B,Inv1,7,29.666666666666686
Inv1B2,B2,B,Inv1,8,20.375
Inv1B2,B2,B,Inv1,9,10.125
Inv1B3,B3,B,Inv1,0,0
Inv1B3,B3,B,Inv1,1,48.4111111111111
Inv1B3,B3,B,Inv1,10,9.833333333333314
Inv1B3,B3,B,Inv1,11,58
Inv1B3,B3,B,Inv1,12,26
Inv1B3,B3,B,Inv1,13,2.5
Inv1B3,B3,B,Inv1,14,27.5
Inv1B3,B3,B,Inv1,2,49.888888888888914
Inv1B3,B3,B,Inv1,3,18.5
Inv1B3,B3,B,Inv1,4,22.25
Inv1B3,B3,B,Inv1,5,-10.25
Inv1B3,B3,B,Inv1,6,24.625
Inv1B3,B3,B,Inv1,7,-7.75
Inv1B3,B3,B,Inv1,8,23.196428571428555
Inv1B3,B3,B,Inv1,9,-5.40476190476187
Inv1B4,B4,B,Inv1,0,0
Inv1B4,B4,B,Inv1,1,35.19999999999999
Inv1B4,B4,B,Inv1,10,30.5
Inv1B4,B4,B,Inv1,11,76.69999999999999
Inv1B4,B4,B,Inv1,12,23.37777777777785
Inv1B4,B4,B,Inv1,13,35.33333333333326
Inv1B4,B4,B,Inv1,14,45.638888888888914
Inv1B4,B4,B,Inv1,2,42.00000000000003
Inv1B4,B4,B,Inv1,3,13.199999999999989
Inv1B4,B4,B,Inv1,4,48
Inv1B4,B4,B,Inv1,5,12.899999999999977
Inv1B4,B4,B,Inv1,6,-2.8000000000000114
Inv1B4,B4,B,Inv1,7,31.900000000000034
Inv1B4,B4,B,Inv1,8,40.099999999999966
Inv1B4,B4,B,Inv1,9,18.30000000000001
Inv1B5,B5,B,Inv1,0,0
Inv1B5,B5,B,Inv1,1,68.5
Inv1B5,B5,B,Inv1,10,35.44444444444446
Inv1B5,B5,B,Inv1,11,29.333333333333314
Inv1B5,B5,B,Inv1,12,27.33333333333337
Inv1B5,B5,B,Inv1,13,13.666666666666629
Inv1B5,B5,B,Inv1,14,45.388888888888914
Inv1B5,B5,B,Inv1,2,23.69999999999999
Inv1B5,B5,B,Inv1,3,32.355555555555554
Inv1B5,B5,B,Inv1,4,7.111111111111143
Inv1B5,B5,B,Inv1,5,12.111111111111086
Inv1B5,B5,B,Inv1,6,5.111111111111143
Inv1B5,B5,B,Inv1,7,11.111111111111086
Inv1B5,B5,B,Inv1,8,14.777777777777771
Inv1B5,B5,B,Inv1,9,50.55555555555554
Inv1B6,B6,B,Inv1,0,0
Inv1B6,B6,B,Inv1,1,86.62222222222223
Inv1B6,B6,B,Inv1,10,9.666666666666686
Inv1B6,B6,B,Inv1,11,28.055555555555543
Inv1B6,B6,B,Inv1,12,174.33333333333337
Inv1B6,B6,B,Inv1,13,5.3333333333332575
Inv1B6,B6,B,Inv1,14,-0.6666666666666288
Inv1B6,B6,B,Inv1,2,6.333333333333314
Inv1B6,B6,B,Inv1,3,33.22222222222223
Inv1B6,B6,B,Inv1,4,29.22222222222223
Inv1B6,B6,B,Inv1,5,-8
Inv1B6,B6,B,Inv1,6,-3.6666666666666856
Inv1B6,B6,B,Inv1,7,11.222222222222229
Inv1B6,B6,B,Inv1,8,15
Inv1B6,B6,B,Inv1,9,71.22222222222223
Inv1B7,B7,B,Inv1,0,0
Inv1B7,B7,B,Inv1,1,56
Inv1B7,B7,B,Inv1,10,53.77777777777777
Inv1B7,B7,B,Inv1,11,-11.666666666666686
Inv1B7,B7,B,Inv1,12,-5.6527777777777715
Inv1B7,B7,B,Inv1,13,9.25
Inv1B7,B7,B,Inv1,14,70.375
Inv1B7,B7,B,Inv1,2,16.30000000000001
Inv1B7,B7,B,Inv1,3,-6.2000000000000455
Inv1B7,B7,B,Inv1,4,13.400000000000034
Inv1B7,B7,B,Inv1,5,26.69999999999999
Inv1B7,B7,B,Inv1,6,29
Inv1B7,B7,B,Inv1,7,40.89999999999998
Inv1B7,B7,B,Inv1,8,-1
Inv1B7,B7,B,Inv1,9,10.266666666666708
Inv1B8,B8,B,Inv1,0,0
Inv1B8,B8,B,Inv1,1,53.39999999999998
Inv1B8,B8,B,Inv1,10,81.68055555555554
Inv1B8,B8,B,Inv1,11,45.5
Inv1B8,B8,B,Inv1,12,12.375
Inv1B8,B8,B,Inv1,13,25.5
Inv1B8,B8,B,Inv1,14,5.5
Inv1B8,B8,B,Inv1,2,39.5
Inv1B8,B8,B,Inv1,3,25.30000000000001
Inv1B8,B8,B,Inv1,4,18.5
Inv1B8,B8,B,Inv1,5,26.80000000000001
Inv1B8,B8,B,Inv1,6,11.600000000000023
Inv1B8,B8,B,Inv1,7,2.8999999999999773
Inv1B8,B8,B,Inv1,8,10.833333333333314
Inv1B8,B8,B,Inv1,9,9.111111111111143
Inv1B9,B9,B,Inv1,0,0
Inv1B9,B9,B,Inv1,1,28.855555555555554
Inv1B9,B9,B,Inv1,10,-2
Inv1B9,B9,B,Inv1,11,26.166666666666686
Inv1B9,B9,B,Inv1,12,20.333333333333314
Inv1B9,B9,B,Inv1,13,62.833333333333314
Inv1B9,B9,B,Inv1,14,18.166666666666742
Inv1B9,B9,B,Inv1,2,15.222222222222229
Inv1B9,B9,B,Inv1,3,6.888888888888914
Inv1B9,B9,B,Inv1,4,9.958333333333314
Inv1B9,B9,B,Inv1,5,13
Inv1B9,B9,B,Inv1,6,23.660714285714278
Inv1B9,B9,B,Inv1,7,4.714285714285722
Inv1B9,B9,B,Inv1,8,55
Inv1B9,B9,B,Inv1,9,24.333333333333314
Inv1C1,B1,C,Inv1,0,0
Inv1C1,B1,C,Inv1,1,104.79999999999998
Inv1C1,B1,C,Inv1,10,-15.444444444444343
Inv1C1,B1,C,Inv1,11,42.55555555555554
Inv1C1,B1,C,Inv1,12,27.41666666666663
Inv1C1,B1,C,Inv1,13,4.5
Inv1C1,B1,C,Inv1,14,0.625
Inv1C1,B1,C,Inv1,2,37.5
Inv1C1,B1,C,Inv1,3,13.900000000000034
Inv1C1,B1,C,Inv1,4,16.599999999999966
Inv1C1,B1,C,Inv1,5,12.800000000000011
Inv1C1,B1,C,Inv1,6,7.600000000000023
Inv1C1,B1,C,Inv1,7,22.899999999999977
Inv1C1,B1,C,Inv1,8,94.35555555555555
Inv1C1,B1,C,Inv1,9,15.666666666666629
Inv1C10,B10,C,Inv1,0,0
Inv1C10,B10,C,Inv1,1,43.50000000000003
Inv1C10,B10,C,Inv1,10,43
Inv1C10,B10,C,Inv1,11,45.39999999999998
Inv1C10,B10,C,Inv1,12,35.39999999999998
Inv1C10,B10,C,Inv1,13,-5.399999999999977
Inv1C10,B10,C,Inv1,14,63.200000000000045
Inv1C10,B10,C,Inv1,2,89.29999999999995
Inv1C10,B10,C,Inv1,3,17
Inv1C10,B10,C,Inv1,4,11.900000000000034
Inv1C10,B10,C,Inv1,5,2
Inv1C10,B10,C,Inv1,6,22.69999999999999
Inv1C10,B10,C,Inv1,7,23
Inv1C10,B10,C,Inv1,8,53.60000000000002
Inv1C10,B10,C,Inv1,9,69
Inv1C2,B2,C,Inv1,0,0
Inv1C2,B2,C,Inv1,1,30.399999999999977
Inv1C2,B2,C,Inv1,10,27.099999999999966
Inv1C2,B2,C,Inv1,11,42.80000000000001
Inv1C2,B2,C,Inv1,12,31.599999999999966
Inv1C2,B2,C,Inv1,13,49
Inv1C2,B2,C,Inv1,14,-14.399999999999977
Inv1C2,B2,C,Inv1,2,32.60000000000002
Inv1C2,B2,C,Inv1,3,19
Inv1C2,B2,C,Inv1,4,15.300000000000011
Inv1C2,B2,C,Inv1,5,7
Inv1C2,B2,C,Inv1,6,13.199999999999989
Inv1C2,B2,C,Inv1,7,19.80000000000001
Inv1C2,B2,C,Inv1,8,28.30000000000001
Inv1C2,B2,C,Inv1,9,18.69999999999999
Inv1C3,B3,C,Inv1,0,0
Inv1C3,B3,C,Inv1,1,20.69999999999999
Inv1C3,B3,C,Inv1,10,41.599999999999966
Inv1C3,B3,C,Inv1,11,27.5
Inv1C3,B3,C,Inv1,12,23.5
Inv1C3,B3,C,Inv1,13,-14.099999999999909
Inv1C3,B3,C,Inv1,14,22.09999999999991
Inv1C3,B3,C,Inv1,2,53.80000000000001
Inv1C3,B3,C,Inv1,3,12.899999999999977
Inv1C3,B3,C,Inv1,4,37.60000000000002
Inv1C3,B3,C,Inv1,5,-9.100000000000023
Inv1C3,B3,C,Inv1,6,12.700000000000045
Inv1C3,B3,C,Inv1,7,-5.5
Inv1C3,B3,C,Inv1,8,72.69999999999999
Inv1C3,B3,C,Inv1,9,47.89999999999998
Inv1C4,B4,C,Inv1,0,0
Inv1C4,B4,C,Inv1,1,21.900000000000006
Inv1C4,B4,C,Inv1,10,76.59999999999997
Inv1C4,B4,C,Inv1,11,38.200000000000045
Inv1C4,B4,C,Inv1,12,23.699999999999932
Inv1C4,B4,C,Inv1,13,10.600000000000023
Inv1C4,B4,C,Inv1,14,7.399999999999977
Inv1C4,B4,C,Inv1,2,69.20000000000002
Inv1C4,B4,C,Inv1,3,30.69999999999999
Inv1C4,B4,C,Inv1,4,4.899999999999977
Inv1C4,B4,C,Inv1,5,14.5
Inv1C4,B4,C,Inv1,6,2
Inv1C4,B4,C,Inv1,7,-0.39999999999997726
Inv1C4,B4,C,Inv1,8,52.89999999999998
Inv1C4,B4,C,Inv1,9,35.900000000000034
Inv1C5,B5,C,Inv1,0,0
Inv1C5,B5,C,Inv1,1,37.599999999999994
Inv1C5,B5,C,Inv1,10,41.58928571428572
Inv1C5,B5,C,Inv1,11,24.119047619047592
Inv1C5,B5,C,Inv1,12,24
Inv1C5,B5,C,Inv1,13,139.66666666666669
Inv1C5,B5,C,Inv1,14,-47
Inv1C5,B5,C,Inv1,2,96.69999999999999
Inv1C5,B5,C,Inv1,3,-42.5
Inv1C5,B5,C,Inv1,4,14.300000000000011
Inv1C5,B5,C,Inv1,5,15.600000000000023
Inv1C5,B5,C,Inv1,6,-17.655555555555566
Inv1C5,B5,C,Inv1,7,28.888888888888857
Inv1C5,B5,C,Inv1,8,22.33333333333337
Inv1C5,B5,C,Inv1,9,24.458333333333314
Inv1C6,B6,C,Inv1,0,0
Inv1C6,B6,C,Inv1,1,68.40000000000003
Inv1C6,B6,C,Inv1,10,41.60000000000002
Inv1C6,B6,C,Inv1,11,43.69999999999993
Inv1C6,B6,C,Inv1,12,27.800000000000068
Inv1C6,B6,C,Inv1,13,43.89999999999998
Inv1C6,B6,C,Inv1,14,18.799999999999955
Inv1C6,B6,C,Inv1,2,56.599999999999966
Inv1C6,B6,C,Inv1,3,39
Inv1C6,B6,C,Inv1,4,14.100000000000023
Inv1C6,B6,C,Inv1,5,12.599999999999966
Inv1C6,B6,C,Inv1,6,-4.599999999999966
Inv1C6,B6,C,Inv1,7,20.5
Inv1C6,B6,C,Inv1,8,53.099999999999966
Inv1C6,B6,C,Inv1,9,56.60000000000002
Inv1C7,B7,C,Inv1,0,0
Inv1C7,B7,C,Inv1,1,52.5
Inv1C7,B7,C,Inv1,10,42
Inv1C7,B7,C,Inv1,11,8.666666666666742
Inv1C7,B7,C,Inv1,12,43.55555555555554
Inv1C7,B7,C,Inv1,13,6.555555555555543
Inv1C7,B7,C,Inv1,14,1.555555555555543
Inv1C7,B7,C,Inv1,2,47.69999999999999
Inv1C7,B7,C,Inv1,3,20
Inv1C7,B7,C,Inv1,4,-0.5
Inv1C7,B7,C,Inv1,5,11.800000000000011
Inv1C7,B7,C,Inv1,6,13.899999999999977
Inv1C7,B7,C,Inv1,7,46.60000000000002
Inv1C7,B7,C,Inv1,8,45.69999999999999
Inv1C7,B7,C,Inv1,9,39.111111111111086
Inv1C8,B8,C,Inv1,0,0
Inv1C8,B8,C,Inv1,1,40.900000000000006
Inv1C8,B8,C,Inv1,10,43.799999999999955
Inv1C8,B8,C,Inv1,11,48.700000000000045
Inv1C8,B8,C,Inv1,12,35.299999999999955
Inv1C8,B8,C,Inv1,13,-2.5
Inv1C8,B8,C,Inv1,14,13.800000000000068
Inv1C8,B8,C,Inv1,2,56.20000000000002
Inv1C8,B8,C,Inv1,3,14.300000000000011
Inv1C8,B8,C,Inv1,4,38.099999999999966
Inv1C8,B8,C,Inv1,5,-4.099999999999966
Inv1C8,B8,C,Inv1,6,35.5
Inv1C8,B8,C,Inv1,7,10.299999999999955
Inv1C8,B8,C,Inv1,8,43
Inv1C8,B8,C,Inv1,9,54.200000000000045
Inv1C9,B9,C,Inv1,0,0
Inv1C9,B9,C,Inv1,1,40.69999999999999
Inv1C9,B9,C,Inv1,10,48
Inv1C9,B9,C,Inv1,11,18.111111111111086
Inv1C9,B9,C,Inv1,12,46.888888888888914
Inv1C9,B9,C,Inv1,13,22.111111111111086
Inv1C9,B9,C,Inv1,14,56.66666666666674
Inv1C9,B9,C,Inv1,2,33.5
Inv1C9,B9,C,Inv1,3,6.900000000000034
Inv1C9,B9,C,Inv1,4,16.30000000000001
Inv1C9,B9,C,Inv1,5,14
Inv1C9,B9,C,Inv1,6,18.45555555555552
Inv1C9,B9,C,Inv1,7,41.11111111111114
Inv1C9,B9,C,Inv1,8,25.888888888888857
Inv1C9,B9,C,Inv1,9,35
Inv2B1,B1,B,Inv2,0,0
Inv2B1,B1,B,Inv2,1,42.377777777777766
Inv2B1,B1,B,Inv2,10,48.625
Inv2B1,B1,B,Inv2,11,22.375
Inv2B1,B1,B,Inv2,12,64.75
Inv2B1,B1,B,Inv2,13,19.25
Inv2B1,B1,B,Inv2,14,-4
Inv2B1,B1,B,Inv2,2,21.22222222222223
Inv2B1,B1,B,Inv2,3,27.625
Inv2B1,B1,B,Inv2,4,40.375
Inv2B1,B1,B,Inv2,5,-7.625
Inv2B1,B1,B,Inv2,6,4.5
Inv2B1,B1,B,Inv2,7,30.5
Inv2B1,B1,B,Inv2,8,33.375
Inv2B1,B1,B,Inv2,9,-8.75
Inv2B10,B10,B,Inv2,0,0
Inv2B10,B10,B,Inv2,1,-3.3249999999999886
Inv2B10,B10,B,Inv2,10,58.125
Inv2B10,B10,B,Inv2,11,35.875
Inv2B10,B10,B,Inv2,12,14.875
Inv2B10,B10,B,Inv2,13,-3.25
Inv2B10,B10,B,Inv2,14,238.5
Inv2B10,B10,B,Inv2,2,41.375
Inv2B10,B10,B,Inv2,3,18.875
Inv2B10,B10,B,Inv2,4,17.875
Inv2B10,B10,B,Inv2,5,2
Inv2B10,B10,B,Inv2,6,-3
Inv2B10,B10,B,Inv2,7,-3.125
Inv2B10,B10,B,Inv2,8,53.25
Inv2B10,B10,B,Inv2,9,48.875
Inv2B2,B2,B,Inv2,0,0
Inv2B2,B2,B,Inv2,1,59.69999999999999
Inv2B2,B2,B,Inv2,10,42.375
Inv2B2,B2,B,Inv2,11,11
Inv2B2,B2,B,Inv2,12,67.625
Inv2B2,B2,B,Inv2,13,15.75
Inv2B2,B2,B,Inv2,14,10.25
Inv2B2,B2,B,Inv2,2,-9.444444444444457
Inv2B2,B2,B,Inv2,3,23.888888888888914
Inv2B2,B2,B,Inv2,4,10.055555555555543
Inv2B2,B2,B,Inv2,5,23.625
Inv2B2,B2,B,Inv2,6,11.625
Inv2B2,B2,B,Inv2,7,28.75
Inv2B2,B2,B,Inv2,8,31.125
Inv2B2,B2,B,Inv2,9,29.5
Inv2B3,B3,B,Inv2,0,0
Inv2B3,B3,B,Inv2,1,41.05555555555554
Inv2B3,B3,B,Inv2,10,59.57142857142861
Inv2B3,B3,B,Inv2,11,69.14285714285711
Inv2B3,B3,B,Inv2,12,13.571428571428555
Inv2B3,B3,B,Inv2,13,19.571428571428612
Inv2B3,B3,B,Inv2,14,-22.714285714285722
Inv2B3,B3,B,Inv2,2,20.944444444444457
Inv2B3,B3,B,Inv2,3,11.875
Inv2B3,B3,B,Inv2,4,10.625
Inv2B3,B3,B,Inv2,5,27.857142857142833
Inv2B3,B3,B,Inv2,6,11.714285714285722
Inv2B3,B3,B,Inv2,7,9.142857142857167
Inv2B3,B3,B,Inv2,8,25.571428571428555
Inv2B3,B3,B,Inv2,9,0.2857142857142776
Inv2B4,B4,B,Inv2,0,0
Inv2B4,B4,B,Inv2,1,41.125
Inv2B4,B4,B,Inv2,10,44.625
Inv2B4,B4,B,Inv2,11,16.375
Inv2B4,B4,B,Inv2,12,24.125
Inv2B4,B4,B,Inv2,13,-10.25
Inv2B4,B4,B,Inv2,14,40.214285714285666
Inv2B4,B4,B,Inv2,2,37.25
Inv2B4,B4,B,Inv2,3,14.375
Inv2B4,B4,B,Inv2,4,34.5
Inv2B4,B4,B,Inv2,5,-6
Inv2B4,B4,B,Inv2,6,-8.75
Inv2B4,B4,B,Inv2,7,15.5
Inv2B4,B4,B,Inv2,8,57.125
Inv2B4,B4,B,Inv2,9,22.5
Inv2B5,B5,B,Inv2,0,0
Inv2B5,B5,B,Inv2,1,12
Inv2B5,B5,B,Inv2,10,46.55555555555554
Inv2B5,B5,B,Inv2,11,19.333333333333314
Inv2B5,B5,B,Inv2,12,29.166666666666686
Inv2B5,B5,B,Inv2,13,25.875
Inv2B5,B5,B,Inv2,14,2.125
Inv2B5,B5,B,Inv2,2,35.29999999999998
Inv2B5,B5,B,Inv2,3,21.900000000000034
Inv2B5,B5,B,Inv2,4,7.099999999999966
Inv2B5,B5,B,Inv2,5,10.800000000000011
Inv2B5,B5,B,Inv2,6,8.300000000000011
Inv2B5,B5,B,Inv2,7,-5.699999999999989
Inv2B5,B5,B,Inv2,8,23.099999999999966
Inv2B5,B5,B,Inv2,9,35.24444444444447
Inv2B6,B6,B,Inv2,0,0
Inv2B6,B6,B,Inv2,1,13.199999999999989
Inv2B6,B6,B,Inv2,10,42.33333333333337
Inv2B6,B6,B,Inv2,11,39
Inv2B6,B6,B,Inv2,12,88.33333333333331
Inv2B6,B6,B,Inv2,13,3.875
Inv2B6,B6,B,Inv2,14,14.125
Inv2B6,B6,B,Inv2,2,74.6
Inv2B6,B6,B,Inv2,3,20.100000000000023
Inv2B6,B6,B,Inv2,4,22.30000000000001
Inv2B6,B6,B,Inv2,5,4.699999999999989
Inv2B6,B6,B,Inv2,6,-8.199999999999989
Inv2B6,B6,B,Inv2,7,60.5
Inv2B6,B6,B,Inv2,8,18.399999999999977
Inv2B6,B6,B,Inv2,9,33.833333333333314
Inv2B7,B7,B,Inv2,0,0
Inv2B7,B7,B,Inv2,1,6.775000000000006
Inv2B7,B7,B,Inv2,10,34.83333333333337
Inv2B7,B7,B,Inv2,11,0.3333333333333144
Inv2B7,B7,B,Inv2,12,49.666666666666686
Inv2B7,B7,B,Inv2,13,-28.33333333333337
Inv2B7,B7,B,Inv2,14,15.333333333333371
Inv2B7,B7,B,Inv2,2,19.375
Inv2B7,B7,B,Inv2,3,14.125
Inv2B7,B7,B,Inv2,4,40.053571428571445
Inv2B7,B7,B,Inv2,5,-3.428571428571445
Inv2B7,B7,B,Inv2,6,11.5
Inv2B7,B7,B,Inv2,7,15.166666666666686
Inv2B7,B7,B,Inv2,8,44.333333333333314
Inv2B7,B7,B,Inv2,9,19.833333333333314
Inv2B8,B8,B,Inv2,0,0
Inv2B8,B8,B,Inv2,1,23.133333333333354
Inv2B8,B8,B,Inv2,10,15.888888888888914
Inv2B8,B8,B,Inv2,11,42.625
Inv2B8,B8,B,Inv2,12,16.625
Inv2B8,B8,B,Inv2,13,19
Inv2B8,B8,B,Inv2,14,-4.25
Inv2B8,B8,B,Inv2,2,2.8888888888888857
Inv2B8,B8,B,Inv2,3,32.666666666666686
Inv2B8,B8,B,Inv2,4,-5.5555555555556
Inv2B8,B8,B,Inv2,5,4.444444444444457
Inv2B8,B8,B,Inv2,6,19.77777777777777
Inv2B8,B8,B,Inv2,7,-3.6666666666666288
Inv2B8,B8,B,Inv2,8,8.111111111111086
Inv2B8,B8,B,Inv2,9,13.111111111111086
Inv2B9,B9,B,Inv2,0,0
Inv2B9,B9,B,Inv2,1,-6
Inv2B9,B9,B,Inv2,10,26.899999999999977
Inv2B9,B9,B,Inv2,11,42
Inv2B9,B9,B,Inv2,12,53.44444444444446
Inv2B9,B9,B,Inv2,13,-44.11111111111114
Inv2B9,B9,B,Inv2,14,8.333333333333371
Inv2B9,B9,B,Inv2,2,53
Inv2B9,B9,B,Inv2,3,9.399999999999977
Inv2B9,B9,B,Inv2,4,20.5
Inv2B9,B9,B,Inv2,5,6.5
Inv2B9,B9,B,Inv2,6,2.5
Inv2B9,B9,B,Inv2,7,19.100000000000023
Inv2B9,B9,B,Inv2,8,14.100000000000023
Inv2B9,B9,B,Inv2,9,25
Inv2C1,B1,C,Inv2,0,0
Inv2C1,B1,C,Inv2,1,8
Inv2C1,B1,C,Inv2,10,21.69999999999999
Inv2C1,B1,C,Inv2,11,58.44444444444446
Inv2C1,B1,C,Inv2,12,46.55555555555554
Inv2C1,B1,C,Inv2,13,42
Inv2C1,B1,C,Inv2,14,16.33333333333337
Inv2C1,B1,C,Inv2,2,39.20000000000002
Inv2C1,B1,C,Inv2,3,23.399999999999977
Inv2C1,B1,C,Inv2,4,29.600000000000023
Inv2C1,B1,C,Inv2,5,14.199999999999989
Inv2C1,B1,C,Inv2,6,13.899999999999977
Inv2C1,B1,C,Inv2,7,30.5
Inv2C1,B1,C,Inv2,8,3.5
Inv2C1,B1,C,Inv2,9,14.600000000000023
Inv2C10,B10,C,Inv2,0,0
Inv2C10,B10,C,Inv2,1,14.400000000000006
Inv2C10,B10,C,Inv2,10,79.80000000000001
Inv2C10,B10,C,Inv2,11,47.69999999999993
Inv2C10,B10,C,Inv2,12,34.60000000000002
Inv2C10,B10,C,Inv2,13,29.899999999999977
Inv2C10,B10,C,Inv2,14,57.5
Inv2C10,B10,C,Inv2,2,53.099999999999994
Inv2C10,B10,C,Inv2,3,17.100000000000023
Inv2C10,B10,C,Inv2,4,10.099999999999966
Inv2C10,B10,C,Inv2,5,27.600000000000023
Inv2C10,B10,C,Inv2,6,-0.8000000000000114
Inv2C10,B10,C,Inv2,7,44.89999999999998
Inv2C10,B10,C,Inv2,8,21.5
Inv2C10,B10,C,Inv2,9,30.900000000000034
Inv2C2,B2,C,Inv2,0,0
Inv2C2,B2,C,Inv2,1,26.30000000000001
Inv2C2,B2,C,Inv2,10,66.88888888888886
Inv2C2,B2,C,Inv2,11,32.888888888888914
Inv2C2,B2,C,Inv2,12,3.888888888888914
Inv2C2,B2,C,Inv2,13,22.777777777777715
Inv2C2,B2,C,Inv2,14,32.77777777777783
Inv2C2,B2,C,Inv2,2,45.49999999999997
Inv2C2,B2,C,Inv2,3,26.5
Inv2C2,B2,C,Inv2,4,15
Inv2C2,B2,C,Inv2,5,14
Inv2C2,B2,C,Inv2,6,10.5
Inv2C2,B2,C,Inv2,7,25.54444444444448
Inv2C2,B2,C,Inv2,8,40.55555555555554
Inv2C2,B2,C,Inv2,9,57.77777777777777
Inv2C3,B3,C,Inv2,0,0
Inv2C3,B3,C,Inv2,1,5.5
Inv2C3,B3,C,Inv2,10,17.099999999999966
Inv2C3,B3,C,Inv2,11,-12.699999999999989
Inv2C3,B3,C,Inv2,12,30.5
Inv2C3,B3,C,Inv2,13,15
Inv2C3,B3,C,Inv2,14,15.199999999999989
Inv2C3,B3,C,Inv2,2,28.900000000000006
Inv2C3,B3,C,Inv2,3,21
Inv2C3,B3,C,Inv2,4,13.699999999999989
Inv2C3,B3,C,Inv2,5,29.899999999999977
Inv2C3,B3,C,Inv2,6,2.900000000000034
Inv2C3,B3,C,Inv2,7,10.599999999999966
Inv2C3,B3,C,Inv2,8,11.200000000000045
Inv2C3,B3,C,Inv2,9,59.5
Inv2C4,B4,C,Inv2,0,0
Inv2C4,B4,C,Inv2,1,13.377777777777766
Inv2C4,B4,C,Inv2,10,28.5555555555556
Inv2C4,B4,C,Inv2,11,34
Inv2C4,B4,C,Inv2,12,93
Inv2C4,B4,C,Inv2,13,21.444444444444457
Inv2C4,B4,C,Inv2,14,-9.777777777777828
Inv2C4,B4,C,Inv2,2,49.77777777777777
Inv2C4,B4,C,Inv2,3,25.555555555555543
Inv2C4,B4,C,Inv2,4,34.5555555555556
Inv2C4,B4,C,Inv2,5,17.77777777777777
Inv2C4,B4,C,Inv2,6,3.2222222222222285
Inv2C4,B4,C,Inv2,7,4.888888888888857
Inv2C4,B4,C,Inv2,8,24.555555555555543
Inv2C4,B4,C,Inv2,9,36.22222222222223
Inv2C5,B5,C,Inv2,0,0
Inv2C5,B5,C,Inv2,1,22.5
Inv2C5,B5,C,Inv2,10,64.60000000000002
Inv2C5,B5,C,Inv2,11,10.600000000000023
Inv2C5,B5,C,Inv2,12,17.699999999999932
Inv2C5,B5,C,Inv2,13,24.300000000000068
Inv2C5,B5,C,Inv2,14,24.399999999999977
Inv2C5,B5,C,Inv2,2,47.69999999999999
Inv2C5,B5,C,Inv2,3,22.899999999999977
Inv2C5,B5,C,Inv2,4,25.900000000000034
Inv2C5,B5,C,Inv2,5,3.1999999999999886
Inv2C5,B5,C,Inv2,6,1.6999999999999886
Inv2C5,B5,C,Inv2,7,21.5
Inv2C5,B5,C,Inv2,8,56.19999999999999
Inv2C5,B5,C,Inv2,9,51.10000000000002
Inv2C6,B6,C,Inv2,0,0
Inv2C6,B6,C,Inv2,1,35.80000000000001
Inv2C6,B6,C,Inv2,10,38.69999999999993
Inv2C6,B6,C,Inv2,11,12.300000000000068
Inv2C6,B6,C,Inv2,12,35.39999999999998
Inv2C6,B6,C,Inv2,13,-2
Inv2C6,B6,C,Inv2,14,6.2000000000000455
Inv2C6,B6,C,Inv2,2,45.599999999999994
Inv2C6,B6,C,Inv2,3,49.5
Inv2C6,B6,C,Inv2,4,14.100000000000023
Inv2C6,B6,C,Inv2,5,4.599999999999966
Inv2C6,B6,C,Inv2,6,-16.099999999999966
Inv2C6,B6,C,Inv2,7,70.59999999999997
Inv2C6,B6,C,Inv2,8,50.30000000000001
Inv2C6,B6,C,Inv2,9,50.60000000000002
Inv2C7,B7,C,Inv2,0,0
Inv2C7,B7,C,Inv2,1,9.900000000000006
Inv2C7,B7,C,Inv2,10,11.800000000000011
Inv2C7,B7,C,Inv2,11,1.3000000000000114
Inv2C7,B7,C,Inv2,12,74.79999999999995
Inv2C7,B7,C,Inv2,13,-0.8999999999999773
Inv2C7,B7,C,Inv2,14,42.799999999999955
Inv2C7,B7,C,Inv2,2,37.19999999999999
Inv2C7,B7,C,Inv2,3,19.899999999999977
Inv2C7,B7,C,Inv2,4,25.700000000000045
Inv2C7,B7,C,Inv2,5,1.6999999999999886
Inv2C7,B7,C,Inv2,6,22
Inv2C7,B7,C,Inv2,7,4.300000000000011
Inv2C7,B7,C,Inv2,8,65.89999999999998
Inv2C7,B7,C,Inv2,9,52.5
Inv2C8,B8,C,Inv2,0,0
Inv2C8,B8,C,Inv2,1,21.5
Inv2C8,B8,C,Inv2,10,56.366666666666674
Inv2C8,B8,C,Inv2,11,9.666666666666629
Inv2C8,B8,C,Inv2,12,9.5555555555556
Inv2C8,B8,C,Inv2,13,46.66666666666663
Inv2C8,B8,C,Inv2,14,22
Inv2C8,B8,C,Inv2,2,36.39999999999998
Inv2C8,B8,C,Inv2,3,29.80000000000001
Inv2C8,B8,C,Inv2,4,18.5
Inv2C8,B8,C,Inv2,5,7.699999999999989
Inv2C8,B8,C,Inv2,6,42.5
Inv2C8,B8,C,Inv2,7,9.800000000000011
Inv2C8,B8,C,Inv2,8,26
Inv2C8,B8,C,Inv2,9,12.600000000000023
Inv2C9,B9,C,Inv2,0,0
Inv2C9,B9,C,Inv2,1,17.5
Inv2C9,B9,C,Inv2,10,19.5
Inv2C9,B9,C,Inv2,11,50.19999999999999
Inv2C9,B9,C,Inv2,12,17.555555555555543
Inv2C9,B9,C,Inv2,13,10.111111111111143
Inv2C9,B9,C,Inv2,14,50.555555555555486
Inv2C9,B9,C,Inv2,2,23.30000000000001
Inv2C9,B9,C,Inv2,3,10.900000000000006
Inv2C9,B9,C,Inv2,4,35.099999999999966
Inv2C9,B9,C,Inv2,5,8.600000000000023
Inv2C9,B9,C,Inv2,6,-3.8000000000000114
Inv2C9,B9,C,Inv2,7,20.900000000000034
Inv2C9,B9,C,Inv2,8,34.19999999999999
Inv2C9,B9,C,Inv2,9,34.5
Ita1B1,B1,B,Ita1,0,0
Ita1B1,B1,B,Ita1,1,34.80000000000001
Ita1B1,B1,B,Ita1,10,12.222222222222229
Ita1B1,B1,B,Ita1,11,75.68253968253964
Ita1B1,B1,B,Ita1,12,23.142857142857167
Ita1B1,B1,B,Ita1,13,61.99999999999994
Ita1B1,B1,B,Ita1,14,9.85714285714289
Ita1B1,B1,B,Ita1,2,17.19999999999999
Ita1B1,B1,B,Ita1,3,14.900000000000034
Ita1B1,B1,B,Ita1,4,41.5
Ita1B1,B1,B,Ita1,5,-4.7000000000000455
Ita1B1,B1,B,Ita1,6,8.04444444444448
Ita1B1,B1,B,Ita1,7,6.888888888888857
Ita1B1,B1,B,Ita1,8,27.5555555555556
Ita1B1,B1,B,Ita1,9,-13.222222222222229
Ita1B10,B10,B,Ita1,0,0
Ita1B10,B10,B,Ita1,1,56.27777777777777
Ita1B10,B10,B,Ita1,10,15.553571428571445
Ita1B10,B10,B,Ita1,11,-10
Ita1B10,B10,B,Ita1,12,-2.428571428571445
Ita1B10,B10,B,Ita1,13,63
Ita1B10,B10,B,Ita1,14,34
Ita1B10,B10,B,Ita1,2,27.666666666666686
Ita1B10,B10,B,Ita1,3,9.333333333333314
Ita1B10,B10,B,Ita1,4,41.97222222222223
Ita1B10,B10,B,Ita1,5,-7.125
Ita1B10,B10,B,Ita1,6,2.125
Ita1B10,B10,B,Ita1,7,20
Ita1B10,B10,B,Ita1,8,-5.5
Ita1B10,B10,B,Ita1,9,15.625
Ita1B2,B2,B,Ita1,0,0
Ita1B2,B2,B,Ita1,1,19.52222222222224
Ita1B2,B2,B,Ita1,10,37.77777777777777
Ita1B2,B2,B,Ita1,11,40.75
Ita1B2,B2,B,Ita1,12,78.10714285714289
Ita1B2,B2,B,Ita1,13,50
Ita1B2,B2,B,Ita1,14,-20.142857142857224
Ita1B2,B2,B,Ita1,2,30
Ita1B2,B2,B,Ita1,3,26.111111111111086
Ita1B2,B2,B,Ita1,4,8.111111111111143
Ita1B2,B2,B,Ita1,5,21.22222222222223
Ita1B2,B2,B,Ita1,6,0.8888888888888573
Ita1B2,B2,B,Ita1,7,19.555555555555543
Ita1B2,B2,B,Ita1,8,15.888888888888914
Ita1B2,B2,B,Ita1,9,22.22222222222223
Ita1B3,B3,B,Ita1,0,0
Ita1B3,B3,B,Ita1,1,35.224999999999994
Ita1B3,B3,B,Ita1,10,-20
Ita1B3,B3,B,Ita1,11,23.833333333333314
Ita1B3,B3,B,Ita1,12,13.333333333333371
Ita1B3,B3,B,Ita1,13,49.333333333333314
Ita1B3,B3,B,Ita1,14,-14.833333333333314
Ita1B3,B3,B,Ita1,2,15
Ita1B3,B3,B,Ita1,3,26.875
Ita1B3,B3,B,Ita1,4,10.875
Ita1B3,B3,B,Ita1,5,-4
Ita1B3,B3,B,Ita1,6,8.125
Ita1B3,B3,B,Ita1,7,20.5
Ita1B3,B3,B,Ita1,8,8.785714285714278
Ita1B3,B3,B,Ita1,9,54.71428571428572
Ita1B4,B4,B,Ita1,0,0
Ita1B4,B4,B,Ita1,1,55.80000000000001
Ita1B4,B4,B,Ita1,10,0.7142857142857792
Ita1B4,B4,B,Ita1,11,11
Ita1B4,B4,B,Ita1,12,75.14285714285711
Ita1B4,B4,B,Ita1,13,42.85714285714289
Ita1B4,B4,B,Ita1,14,45.42857142857133
Ita1B4,B4,B,Ita1,2,31.19999999999999
Ita1B4,B4,B,Ita1,3,19.599999999999966
Ita1B4,B4,B,Ita1,4,35.80000000000001
Ita1B4,B4,B,Ita1,5,5
Ita1B4,B4,B,Ita1,6,-2
Ita1B4,B4,B,Ita1,7,37.24444444444447
Ita1B4,B4,B,Ita1,8,48.111111111111086
Ita1B4,B4,B,Ita1,9,56.01587301587301
Ita1B5,B5,B,Ita1,0,0
Ita1B5,B5,B,Ita1,1,51.5
Ita1B5,B5,B,Ita1,10,56.44444444444446
Ita1B5,B5,B,Ita1,11,65.77777777777771
Ita1B5,B5,B,Ita1,12,62.44444444444446
Ita1B5,B5,B,Ita1,13,10
Ita1B5,B5,B,Ita1,14,43.77777777777783
Ita1B5,B5,B,Ita1,2,65.18888888888893
Ita1B5,B5,B,Ita1,3,22.888888888888857
Ita1B5,B5,B,Ita1,4,37.22222222222223
Ita1B5,B5,B,Ita1,5,21.888888888888914
Ita1B5,B5,B,Ita1,6,11.666666666666629
Ita1B5,B5,B,Ita1,7,12.777777777777771
Ita1B5,B5,B,Ita1,8,-8.111111111111086
Ita1B5,B5,B,Ita1,9,39.11111111111114
Ita1B6,B6,B,Ita1,0,0
Ita1B6,B6,B,Ita1,1,44.80000000000001
Ita1B6,B6,B,Ita1,10,29.22222222222223
Ita1B6,B6,B,Ita1,11,5.2222222222222285
Ita1B6,B6,B,Ita1,12,43.5555555555556
Ita1B6,B6,B,Ita1,13,35.33333333333326
Ita1B6,B6,B,Ita1,14,7.777777777777828
Ita1B6,B6,B,Ita1,2,51.77777777777777
Ita1B6,B6,B,Ita1,3,24.333333333333314
Ita1B6,B6,B,Ita1,4,27.666666666666686
Ita1B6,B6,B,Ita1,5,-8
Ita1B6,B6,B,Ita1,6,3.1111111111111427
Ita1B6,B6,B,Ita1,7,25.333333333333314
Ita1B6,B6,B,Ita1,8,35.77777777777777
Ita1B6,B6,B,Ita1,9,21.77777777777777
Ita1B7,B7,B,Ita1,0,0
Ita1B7,B7,B,Ita1,1,60.525000000000006
Ita1B7,B7,B,Ita1,10,111.11904761904765
Ita1B7,B7,B,Ita1,11,42.16666666666663
Ita1B7,B7,B,Ita1,12,82.16666666666663
Ita1B7,B7,B,Ita1,13,-31.5
Ita1B7,B7,B,Ita1,14,46.16666666666674
Ita1B7,B7,B,Ita1,2,36.25
Ita1B7,B7,B,Ita1,3,32.25
Ita1B7,B7,B,Ita1,4,13.25
Ita1B7,B7,B,Ita1,5,20.375
Ita1B7,B7,B,Ita1,6,4.625
Ita1B7,B7,B,Ita1,7,19.125
Ita1B7,B7,B,Ita1,8,52.5
Ita1B7,B7,B,Ita1,9,2.7142857142857224
Ita1B8,B8,B,Ita1,0,0
Ita1B8,B8,B,Ita1,1,61.28571428571428
Ita1B8,B8,B,Ita1,10,80.79999999999995
Ita1B8,B8,B,Ita1,11,31.200000000000045
Ita1B8,B8,B,Ita1,12,-2.6000000000000227
Ita1B8,B8,B,Ita1,13,14
Ita1B8,B8,B,Ita1,14,-32.799999999999955
Ita1B8,B8,B,Ita1,2,31.714285714285722
Ita1B8,B8,B,Ita1,3,30.80000000000001
Ita1B8,B8,B,Ita1,4,14.199999999999989
Ita1B8,B8,B,Ita1,5,35.39999999999998
Ita1B8,B8,B,Ita1,6,10
Ita1B8,B8,B,Ita1,7,24.600000000000023
Ita1B8,B8,B,Ita1,8,21.19999999999999
Ita1B8,B8,B,Ita1,9,5.800000000000011
Ita1B9,B9,B,Ita1,0,0
Ita1B9,B9,B,Ita1,1,-2
Ita1B9,B9,B,Ita1,10,41.166666666666686
Ita1B9,B9,B,Ita1,11,30.66666666666663
Ita1B9,B9,B,Ita1,12,116.96666666666664
Ita1B9,B9,B,Ita1,13,0
Ita1B9,B9,B,Ita1,14,2.400000000000091
Ita1B9,B9,B,Ita1,2,63.650000000000006
Ita1B9,B9,B,Ita1,3,0.625
Ita1B9,B9,B,Ita1,4,18
Ita1B9,B9,B,Ita1,5,12.375
Ita1B9,B9,B,Ita1,6,20.535714285714278
Ita1B9,B9,B,Ita1,7,12.428571428571445
Ita1B9,B9,B,Ita1,8,11.619047619047592
Ita1B9,B9,B,Ita1,9,55.666666666666686
Ita1C1,B1,C,Ita1,0,0
Ita1C1,B1,C,Ita1,1,44
Ita1C1,B1,C,Ita1,10,48.888888888888914
Ita1C1,B1,C,Ita1,11,74.375
Ita1C1,B1,C,Ita1,12,30.75
Ita1C1,B1,C,Ita1,13,20.375
Ita1C1,B1,C,Ita1,14,14.5
Ita1C1,B1,C,Ita1,2,10
Ita1C1,B1,C,Ita1,3,68.4666666666667
Ita1C1,B1,C,Ita1,4,-60.77777777777777
Ita1C1,B1,C,Ita1,5,28.66666666666663
Ita1C1,B1,C,Ita1,6,18.888888888888914
Ita1C1,B1,C,Ita1,7,18.333333333333314
Ita1C1,B1,C,Ita1,8,-0.6666666666666856
Ita1C1,B1,C,Ita1,9,10
Ita1C10,B10,C,Ita1,0,0
Ita1C10,B10,C,Ita1,1,24.30000000000001
Ita1C10,B10,C,Ita1,10,52.69999999999999
Ita1C10,B10,C,Ita1,11,38.60000000000002
Ita1C10,B10,C,Ita1,12,45
Ita1C10,B10,C,Ita1,13,8.200000000000045
Ita1C10,B10,C,Ita1,14,99.02222222222213
Ita1C10,B10,C,Ita1,2,67.39999999999998
Ita1C10,B10,C,Ita1,3,23.399999999999977
Ita1C10,B10,C,Ita1,4,47.80000000000001
Ita1C10,B10,C,Ita1,5,-3.6999999999999886
Ita1C10,B10,C,Ita1,6,0.6999999999999886
Ita1C10,B10,C,Ita1,7,6.900000000000034
Ita1C10,B10,C,Ita1,8,27.19999999999999
Ita1C10,B10,C,Ita1,9,13.899999999999977
Ita1C2,B2,C,Ita1,0,0
Ita1C2,B2,C,Ita1,1,34.10000000000002
Ita1C2,B2,C,Ita1,10,51.89999999999998
Ita1C2,B2,C,Ita1,11,11.100000000000023
Ita1C2,B2,C,Ita1,12,26.599999999999966
Ita1C2,B2,C,Ita1,13,42
Ita1C2,B2,C,Ita1,14,24.600000000000023
Ita1C2,B2,C,Ita1,2,70.89999999999998
Ita1C2,B2,C,Ita1,3,-1.3999999999999773
Ita1C2,B2,C,Ita1,4,16.19999999999999
Ita1C2,B2,C,Ita1,5,27
Ita1C2,B2,C,Ita1,6,16
Ita1C2,B2,C,Ita1,7,-11.699999999999989
Ita1C2,B2,C,Ita1,8,17.599999999999966
Ita1C2,B2,C,Ita1,9,41.60000000000002
Ita1C3,B3,C,Ita1,0,0
Ita1C3,B3,C,Ita1,1,40.80000000000001
Ita1C3,B3,C,Ita1,10,69.30000000000001
Ita1C3,B3,C,Ita1,11,0.2999999999999545
Ita1C3,B3,C,Ita1,12,33.60000000000002
Ita1C3,B3,C,Ita1,13,35.89999999999998
Ita1C3,B3,C,Ita1,14,-18.699999999999932
Ita1C3,B3,C,Ita1,2,72.59999999999997
Ita1C3,B3,C,Ita1,3,27
Ita1C3,B3,C,Ita1,4,31
Ita1C3,B3,C,Ita1,5,6.900000000000034
Ita1C3,B3,C,Ita1,6,8.599999999999966
Ita1C3,B3,C,Ita1,7,16
Ita1C3,B3,C,Ita1,8,-11.099999999999966
Ita1C3,B3,C,Ita1,9,66.39999999999998
Ita1C4,B4,C,Ita1,0,0
Ita1C4,B4,C,Ita1,1,-28.599999999999994
Ita1C4,B4,C,Ita1,10,39.5
Ita1C4,B4,C,Ita1,11,64.90000000000003
Ita1C4,B4,C,Ita1,12,24.299999999999955
Ita1C4,B4,C,Ita1,13,32.39999999999998
Ita1C4,B4,C,Ita1,14,38
Ita1C4,B4,C,Ita1,2,151.29999999999998
Ita1C4,B4,C,Ita1,3,-11.099999999999966
Ita1C4,B4,C,Ita1,4,22.69999999999999
Ita1C4,B4,C,Ita1,5,13.699999999999989
Ita1C4,B4,C,Ita1,6,22.600000000000023
Ita1C4,B4,C,Ita1,7,1.599999999999966
Ita1C4,B4,C,Ita1,8,6.300000000000011
Ita1C4,B4,C,Ita1,9,36.69999999999999
Ita1C5,B5,C,Ita1,0,0
Ita1C5,B5,C,Ita1,1,0.30000000000001137
Ita1C5,B5,C,Ita1,10,36.333333333333314
Ita1C5,B5,C,Ita1,11,32.11111111111114
Ita1C5,B5,C,Ita1,12,3.8666666666666742
Ita1C5,B5,C,Ita1,13,47.24444444444441
Ita1C5,B5,C,Ita1,14,38.888888888888914
Ita1C5,B5,C,Ita1,2,52.19999999999999
Ita1C5,B5,C,Ita1,3,53.07777777777778
Ita1C5,B5,C,Ita1,4,18.666666666666686
Ita1C5,B5,C,Ita1,5,39.22222222222223
Ita1C5,B5,C,Ita1,6,-7.5555555555556
Ita1C5,B5,C,Ita1,7,13.5555555555556
Ita1C5,B5,C,Ita1,8,15.111111111111086
Ita1C5,B5,C,Ita1,9,58.11111111111114
Ita1C6,B6,C,Ita1,0,0
Ita1C6,B6,C,Ita1,1,70.19999999999999
Ita1C6,B6,C,Ita1,10,39.89999999999998
Ita1C6,B6,C,Ita1,11,18.399999999999977
Ita1C6,B6,C,Ita1,12,33
Ita1C6,B6,C,Ita1,13,20.300000000000068
Ita1C6,B6,C,Ita1,14,21.5
Ita1C6,B6,C,Ita1,2,32.80000000000001
Ita1C6,B6,C,Ita1,3,28.30000000000001
Ita1C6,B6,C,Ita1,4,21
Ita1C6,B6,C,Ita1,5,9.599999999999966
Ita1C6,B6,C,Ita1,6,6.400000000000034
Ita1C6,B6,C,Ita1,7,23.19999999999999
Ita1C6,B6,C,Ita1,8,64.30000000000001
Ita1C6,B6,C,Ita1,9,21.399999999999977
Ita1C7,B7,C,Ita1,0,0
Ita1C7,B7,C,Ita1,1,52.30000000000001
Ita1C7,B7,C,Ita1,10,51.60000000000002
Ita1C7,B7,C,Ita1,11,3
Ita1C7,B7,C,Ita1,12,29.111111111111086
Ita1C7,B7,C,Ita1,13,31.666666666666742
Ita1C7,B7,C,Ita1,14,32.22222222222217
Ita1C7,B7,C,Ita1,2,61.5
Ita1C7,B7,C,Ita1,3,9.600000000000023
Ita1C7,B7,C,Ita1,4,36.5
Ita1C7,B7,C,Ita1,5,2.3999999999999773
Ita1C7,B7,C,Ita1,6,3.5
Ita1C7,B7,C,Ita1,7,22.30000000000001
Ita1C7,B7,C,Ita1,8,38.5
Ita1C7,B7,C,Ita1,9,-12.900000000000034
Ita1C8,B8,C,Ita1,0,0
Ita1C8,B8,C,Ita1,1,43.099999999999994
Ita1C8,B8,C,Ita1,10,55.355555555555554
Ita1C8,B8,C,Ita1,11,20.888888888888914
Ita1C8,B8,C,Ita1,12,6.444444444444457
Ita1C8,B8,C,Ita1,13,18.77777777777777
Ita1C8,B8,C,Ita1,14,-15.5555555555556
Ita1C8,B8,C,Ita1,2,39.60000000000002
Ita1C8,B8,C,Ita1,3,24.30000000000001
Ita1C8,B8,C,Ita1,4,9.099999999999966
Ita1C8,B8,C,Ita1,5,8.100000000000023
Ita1C8,B8,C,Ita1,6,21
Ita1C8,B8,C,Ita1,7,13.099999999999966
Ita1C8,B8,C,Ita1,8,50.60000000000002
Ita1C8,B8,C,Ita1,9,9.699999999999989
Ita1C9,B9,C,Ita1,0,0
Ita1C9,B9,C,Ita1,1,47.39999999999998
Ita1C9,B9,C,Ita1,10,92.77777777777777
Ita1C9,B9,C,Ita1,11,54.77777777777783
Ita1C9,B9,C,Ita1,12,35
Ita1C9,B9,C,Ita1,13,51.777777777777715
Ita1C9,B9,C,Ita1,14,97.66666666666674
Ita1C9,B9,C,Ita1,2,41.10000000000002
Ita1C9,B9,C,Ita1,3,22.30000000000001
Ita1C9,B9,C,Ita1,4,38.19999999999999
Ita1C9,B9,C,Ita1,5,19.30000000000001
Ita1C9,B9,C,Ita1,6,13.099999999999966
Ita1C9,B9,C,Ita1,7,0.4000000000000341
Ita1C9,B9,C,Ita1,8,21.088888888888903
Ita1C9,B9,C,Ita1,9,25.4444444444444
Ita2B1,B1,B,Ita2,0,0
Ita2B1,B1,B,Ita2,1,66.90000000000003
Ita2B1,B1,B,Ita2,10,98.11111111111109
Ita2B1,B1,B,Ita2,11,57.746031746031804
Ita2B1,B1,B,Ita2,12,59.47619047619048
Ita2B1,B1,B,Ita2,13,-1.1666666666667425
Ita2B1,B1,B,Ita2,14,-3
Ita2B1,B1,B,Ita2,2,22.799999999999955
Ita2B1,B1,B,Ita2,3,13.800000000000011
Ita2B1,B1,B,Ita2,4,6.300000000000011
Ita2B1,B1,B,Ita2,5,17.69999999999999
Ita2B1,B1,B,Ita2,6,1.3000000000000114
Ita2B1,B1,B,Ita2,7,14
Ita2B1,B1,B,Ita2,8,-13.888888888888914
Ita2B1,B1,B,Ita2,9,28.888888888888914
Ita2B10,B10,B,Ita2,0,0
Ita2B10,B10,B,Ita2,1,75.20000000000002
Ita2B10,B10,B,Ita2,10,40.599999999999966
Ita2B10,B10,B,Ita2,11,43.80000000000007
Ita2B10,B10,B,Ita2,12,53.5
Ita2B10,B10,B,Ita2,13,37.96666666666658
Ita2B10,B10,B,Ita2,14,-43.33333333333326
Ita2B10,B10,B,Ita2,2,44.599999999999966
Ita2B10,B10,B,Ita2,3,12.100000000000023
Ita2B10,B10,B,Ita2,4,13.800000000000011
Ita2B10,B10,B,Ita2,5,22.099999999999966
Ita2B10,B10,B,Ita2,6,-7.899999999999977
Ita2B10,B10,B,Ita2,7,21.30000000000001
Ita2B10,B10,B,Ita2,8,11.199999999999989
Ita2B10,B10,B,Ita2,9,66.80000000000001
Ita2B2,B2,B,Ita2,0,0
Ita2B2,B2,B,Ita2,1,49.39999999999998
Ita2B2,B2,B,Ita2,10,49
Ita2B2,B2,B,Ita2,11,-38
Ita2B2,B2,B,Ita2,12,118.14285714285711
Ita2B2,B2,B,Ita2,13,47.285714285714334
Ita2B2,B2,B,Ita2,14,19.714285714285666
Ita2B2,B2,B,Ita2,2,39.5
Ita2B2,B2,B,Ita2,3,51.875
Ita2B2,B2,B,Ita2,4,11.625
Ita2B2,B2,B,Ita2,5,29.375
Ita2B2,B2,B,Ita2,6,12.875
Ita2B2,B2,B,Ita2,7,25.125
Ita2B2,B2,B,Ita2,8,-2.75
Ita2B2,B2,B,Ita2,9,17.875
Ita2B3,B3,B,Ita2,0,0
Ita2B3,B3,B,Ita2,1,69.60000000000002
Ita2B3,B3,B,Ita2,10,82.19999999999999
Ita2B3,B3,B,Ita2,11,22.77777777777783
Ita2B3,B3,B,Ita2,12,54.33333333333326
Ita2B3,B3,B,Ita2,13,71.13888888888891
Ita2B3,B3,B,Ita2,14,19.60714285714289
Ita2B3,B3,B,Ita2,2,33.099999999999966
Ita2B3,B3,B,Ita2,3,2.6000000000000227
Ita2B3,B3,B,Ita2,4,42
Ita2B3,B3,B,Ita2,5,7.5
Ita2B3,B3,B,Ita2,6,20.5
Ita2B3,B3,B,Ita2,7,10.300000000000011
Ita2B3,B3,B,Ita2,8,-10.900000000000034
Ita2B3,B3,B,Ita2,9,-0.5999999999999659
Ita2B4,B4,B,Ita2,0,0
Ita2B4,B4,B,Ita2,1,35.29999999999998
Ita2B4,B4,B,Ita2,10,70
Ita2B4,B4,B,Ita2,11,8.199999999999989
Ita2B4,B4,B,Ita2,12,0.6000000000000227
Ita2B4,B4,B,Ita2,13,19.5
Ita2B4,B4,B,Ita2,14,52.01111111111106
Ita2B4,B4,B,Ita2,2,52.200000000000045
Ita2B4,B4,B,Ita2,3,19.599999999999966
Ita2B4,B4,B,Ita2,4,49.60000000000002
Ita2B4,B4,B,Ita2,5,-7.100000000000023
Ita2B4,B4,B,Ita2,6,10.900000000000034
Ita2B4,B4,B,Ita2,7,-4.300000000000011
Ita2B4,B4,B,Ita2,8,46.599999999999966
Ita2B4,B4,B,Ita2,9,8.900000000000034
Ita2B5,B5,B,Ita2,0,0
Ita2B5,B5,B,Ita2,1,42.80000000000001
Ita2B5,B5,B,Ita2,10,67.39999999999998
Ita2B5,B5,B,Ita2,11,16.799999999999955
Ita2B5,B5,B,Ita2,12,30.700000000000045
Ita2B5,B5,B,Ita2,13,21.72222222222217
Ita2B5,B5,B,Ita2,14,23.666666666666742
Ita2B5,B5,B,Ita2,2,53.39999999999998
Ita2B5,B5,B,Ita2,3,31.900000000000034
Ita2B5,B5,B,Ita2,4,-20.700000000000045
Ita2B5,B5,B,Ita2,5,46.700000000000045
Ita2B5,B5,B,Ita2,6,27.299999999999955
Ita2B5,B5,B,Ita2,7,-10.699999999999989
Ita2B5,B5,B,Ita2,8,29.30000000000001
Ita2B5,B5,B,Ita2,9,22.600000000000023
Ita2B6,B6,B,Ita2,0,0
Ita2B6,B6,B,Ita2,1,80.55000000000001
Ita2B6,B6,B,Ita2,10,25.125
Ita2B6,B6,B,Ita2,11,7.5
Ita2B6,B6,B,Ita2,12,15.125
Ita2B6,B6,B,Ita2,13,18.125
Ita2B6,B6,B,Ita2,14,15.875
Ita2B6,B6,B,Ita2,2,29.125
Ita2B6,B6,B,Ita2,3,12.625
Ita2B6,B6,B,Ita2,4,20.5
Ita2B6,B6,B,Ita2,5,5.25
Ita2B6,B6,B,Ita2,6,7.375
Ita2B6,B6,B,Ita2,7,40.25
Ita2B6,B6,B,Ita2,8,55.25
Ita2B6,B6,B,Ita2,9,9.125
Ita2B7,B7,B,Ita2,0,0
Ita2B7,B7,B,Ita2,1,58.025000000000006
Ita2B7,B7,B,Ita2,10,26.75
Ita2B7,B7,B,Ita2,11,4
Ita2B7,B7,B,Ita2,12,96.875
Ita2B7,B7,B,Ita2,13,24.75
Ita2B7,B7,B,Ita2,14,12
Ita2B7,B7,B,Ita2,2,37.75
Ita2B7,B7,B,Ita2,3,23.5
Ita2B7,B7,B,Ita2,4,38.25
Ita2B7,B7,B,Ita2,5,13.125
Ita2B7,B7,B,Ita2,6,16.625
Ita2B7,B7,B,Ita2,7,-8.125
Ita2B7,B7,B,Ita2,8,1.25
Ita2B7,B7,B,Ita2,9,50.5
Ita2B8,B8,B,Ita2,0,0
Ita2B8,B8,B,Ita2,1,6.625
Ita2B8,B8,B,Ita2,10,65.71428571428572
Ita2B8,B8,B,Ita2,11,44.80952380952374
Ita2B8,B8,B,Ita2,12,0
Ita2B8,B8,B,Ita2,13,84.73333333333335
Ita2B8,B8,B,Ita2,14,9.200000000000045
Ita2B8,B8,B,Ita2,2,37
Ita2B8,B8,B,Ita2,3,27.875
Ita2B8,B8,B,Ita2,4,-5.375
Ita2B8,B8,B,Ita2,5,17.625
Ita2B8,B8,B,Ita2,6,29.5
Ita2B8,B8,B,Ita2,7,26.625
Ita2B8,B8,B,Ita2,8,11.982142857142833
Ita2B8,B8,B,Ita2,9,24.285714285714334
Ita2B9,B9,B,Ita2,0,0
Ita2B9,B9,B,Ita2,1,-5.599999999999994
Ita2B9,B9,B,Ita2,10,36.60000000000002
Ita2B9,B9,B,Ita2,11,12.600000000000023
Ita2B9,B9,B,Ita2,12,3.3999999999999773
Ita2B9,B9,B,Ita2,13,23.799999999999955
Ita2B9,B9,B,Ita2,14,64.32500000000005
Ita2B9,B9,B,Ita2,2,86.19999999999999
Ita2B9,B9,B,Ita2,3,7.100000000000023
Ita2B9,B9,B,Ita2,4,8.799999999999955
Ita2B9,B9,B,Ita2,5,14.5
Ita2B9,B9,B,Ita2,6,8.700000000000045
Ita2B9,B9,B,Ita2,7,21.399999999999977
Ita2B9,B9,B,Ita2,8,38.10000000000002
Ita2B9,B9,B,Ita2,9,16.799999999999955
Ita2C1,B1,C,Ita2,0,0
Ita2C1,B1,C,Ita2,1,3
Ita2C1,B1,C,Ita2,10,124.70000000000005
Ita2C1,B1,C,Ita2,11,84
Ita2C1,B1,C,Ita2,12,51.19999999999993
Ita2C1,B1,C,Ita2,13,36.700000000000045
Ita2C1,B1,C,Ita2,14,8.5
Ita2C1,B1,C,Ita2,2,84.60000000000002
Ita2C1,B1,C,Ita2,3,28.399999999999977
Ita2C1,B1,C,Ita2,4,31
Ita2C1,B1,C,Ita2,5,49.10000000000002
Ita2C1,B1,C,Ita2,6,25.19999999999999
Ita2C1,B1,C,Ita2,7,-14.899999999999977
Ita2C1,B1,C,Ita2,8,52.99999999999994
Ita2C1,B1,C,Ita2,9,-4.899999999999977
Ita2C10,B10,C,Ita2,0,0
Ita2C10,B10,C,Ita2,1,37.30000000000001
Ita2C10,B10,C,Ita2,10,68.10000000000002
Ita2C10,B10,C,Ita2,11,10
Ita2C10,B10,C,Ita2,12,-2
Ita2C10,B10,C,Ita2,13,-20.100000000000023
Ita2C10,B10,C,Ita2,14,29.799999999999955
Ita2C10,B10,C,Ita2,2,53.799999999999955
Ita2C10,B10,C,Ita2,3,6.2000000000000455
Ita2C10,B10,C,Ita2,4,10.799999999999955
Ita2C10,B10,C,Ita2,5,6.7000000000000455
Ita2C10,B10,C,Ita2,6,25.799999999999955
Ita2C10,B10,C,Ita2,7,29.5
Ita2C10,B10,C,Ita2,8,32.10000000000002
Ita2C10,B10,C,Ita2,9,2
Ita2C2,B2,C,Ita2,0,0
Ita2C2,B2,C,Ita2,1,37.39999999999998
Ita2C2,B2,C,Ita2,10,55.299999999999955
Ita2C2,B2,C,Ita2,11,23.700000000000045
Ita2C2,B2,C,Ita2,12,48.19999999999993
Ita2C2,B2,C,Ita2,13,57.10000000000002
Ita2C2,B2,C,Ita2,14,5.300000000000068
Ita2C2,B2,C,Ita2,2,46.60000000000002
Ita2C2,B2,C,Ita2,3,22.80000000000001
Ita2C2,B2,C,Ita2,4,39.30000000000001
Ita2C2,B2,C,Ita2,5,56.799999999999955
Ita2C2,B2,C,Ita2,6,-9.699999999999989
Ita2C2,B2,C,Ita2,7,12.699999999999989
Ita2C2,B2,C,Ita2,8,5
Ita2C2,B2,C,Ita2,9,35.700000000000045
Ita2C3,B3,C,Ita2,0,0
Ita2C3,B3,C,Ita2,1,66.59999999999997
Ita2C3,B3,C,Ita2,10,44.66666666666674
Ita2C3,B3,C,Ita2,11,45.44444444444446
Ita2C3,B3,C,Ita2,12,5.444444444444343
Ita2C3,B3,C,Ita2,13,39.65277777777783
Ita2C3,B3,C,Ita2,14,12.5
Ita2C3,B3,C,Ita2,2,70.20000000000005
Ita2C3,B3,C,Ita2,3,-11
Ita2C3,B3,C,Ita2,4,59.299999999999955
Ita2C3,B3,C,Ita2,5,1.2000000000000455
Ita2C3,B3,C,Ita2,6,23.5
Ita2C3,B3,C,Ita2,7,23.5
Ita2C3,B3,C,Ita2,8,27.299999999999955
Ita2C3,B3,C,Ita2,9,69.26666666666665
Ita2C4,B4,C,Ita2,0,0
Ita2C4,B4,C,Ita2,1,75.30000000000001
Ita2C4,B4,C,Ita2,10,71.30000000000007
Ita2C4,B4,C,Ita2,11,33.39999999999998
Ita2C4,B4,C,Ita2,12,38.10000000000002
Ita2C4,B4,C,Ita2,13,31.199999999999932
Ita2C4,B4,C,Ita2,14,48.39999999999998
Ita2C4,B4,C,Ita2,2,43.599999999999966
Ita2C4,B4,C,Ita2,3,6
Ita2C4,B4,C,Ita2,4,58.10000000000002
Ita2C4,B4,C,Ita2,5,-9.399999999999977
Ita2C4,B4,C,Ita2,6,10
Ita2C4,B4,C,Ita2,7,-9.600000000000023
Ita2C4,B4,C,Ita2,8,50.60000000000002
Ita2C4,B4,C,Ita2,9,18.299999999999955
Ita2C5,B5,C,Ita2,0,0
Ita2C5,B5,C,Ita2,1,28.19999999999999
Ita2C5,B5,C,Ita2,10,79.30000000000001
Ita2C5,B5,C,Ita2,11,-0.8000000000000682
Ita2C5,B5,C,Ita2,12,56.90000000000009
Ita2C5,B5,C,Ita2,13,-1.2000000000000455
Ita2C5,B5,C,Ita2,14,39.60000000000002
Ita2C5,B5,C,Ita2,2,68
Ita2C5,B5,C,Ita2,3,18.399999999999977
Ita2C5,B5,C,Ita2,4,12.200000000000045
Ita2C5,B5,C,Ita2,5,48
Ita2C5,B5,C,Ita2,6,-8.800000000000011
Ita2C5,B5,C,Ita2,7,4.300000000000011
Ita2C5,B5,C,Ita2,8,8.899999999999977
Ita2C5,B5,C,Ita2,9,71.80000000000001
Ita2C6,B6,C,Ita2,0,0
Ita2C6,B6,C,Ita2,1,54.80000000000001
Ita2C6,B6,C,Ita2,10,24.5
Ita2C6,B6,C,Ita2,11,22.69999999999999
Ita2C6,B6,C,Ita2,12,87.20000000000005
Ita2C6,B6,C,Ita2,13,14.399999999999977
Ita2C6,B6,C,Ita2,14,20.899999999999977
Ita2C6,B6,C,Ita2,2,32.69999999999999
Ita2C6,B6,C,Ita2,3,34.30000000000001
Ita2C6,B6,C,Ita2,4,19.5
Ita2C6,B6,C,Ita2,5,5.7999999999999545
Ita2C6,B6,C,Ita2,6,16.100000000000023
Ita2C6,B6,C,Ita2,7,31.5
Ita2C6,B6,C,Ita2,8,37.69999999999999
Ita2C6,B6,C,Ita2,9,2.5
Ita2C7,B7,C,Ita2,0,0
Ita2C7,B7,C,Ita2,1,76.30000000000001
Ita2C7,B7,C,Ita2,10,29
Ita2C7,B7,C,Ita2,11,81.69999999999993
Ita2C7,B7,C,Ita2,12,17.90000000000009
Ita2C7,B7,C,Ita2,13,56.59999999999991
Ita2C7,B7,C,Ita2,14,39.90000000000009
Ita2C7,B7,C,Ita2,2,36.39999999999998
Ita2C7,B7,C,Ita2,3,6.300000000000011
Ita2C7,B7,C,Ita2,4,22.69999999999999
Ita2C7,B7,C,Ita2,5,21.100000000000023
Ita2C7,B7,C,Ita2,6,19.69999999999999
Ita2C7,B7,C,Ita2,7,11.5
Ita2C7,B7,C,Ita2,8,37.69999999999999
Ita2C7,B7,C,Ita2,9,23.100000000000023
Ita2C8,B8,C,Ita2,0,0
Ita2C8,B8,C,Ita2,1,64.4
Ita2C8,B8,C,Ita2,10,83.70000000000005
Ita2C8,B8,C,Ita2,11,20.19999999999999
Ita2C8,B8,C,Ita2,12,11.599999999999966
Ita2C8,B8,C,Ita2,13,-1.3999999999999773
Ita2C8,B8,C,Ita2,14,1.1000000000000227
Ita2C8,B8,C,Ita2,2,21.899999999999977
Ita2C8,B8,C,Ita2,3,21.69999999999999
Ita2C8,B8,C,Ita2,4,5.100000000000023
Ita2C8,B8,C,Ita2,5,25.600000000000023
Ita2C8,B8,C,Ita2,6,18.299999999999955
Ita2C8,B8,C,Ita2,7,4.300000000000011
Ita2C8,B8,C,Ita2,8,23.19999999999999
Ita2C8,B8,C,Ita2,9,-14
Ita2C9,B9,C,Ita2,0,0
Ita2C9,B9,C,Ita2,1,73.09999999999997
Ita2C9,B9,C,Ita2,10,71.20000000000005
Ita2C9,B9,C,Ita2,11,42.39999999999998
Ita2C9,B9,C,Ita2,12,76.21111111111111
Ita2C9,B9,C,Ita2,13,21.888888888888914
Ita2C9,B9,C,Ita2,14,29.33333333333337
Ita2C9,B9,C,Ita2,2,42.80000000000001
Ita2C9,B9,C,Ita2,3,18.69999999999999
Ita2C9,B9,C,Ita2,4,23.69999999999999
Ita2C9,B9,C,Ita2,5,24.600000000000023
Ita2C9,B9,C,Ita2,6,5.399999999999977
Ita2C9,B9,C,Ita2,7,18.600000000000023
Ita2C9,B9,C,Ita2,8,24.5
Ita2C9,B9,C,Ita2,9,39.799999999999955
TurB1,B1,B,Tur,0,0
TurB1,B1,B,Tur,1,52.01111111111106
TurB1,B1,B,Tur,10,84.06944444444446
TurB1,B1,B,Tur,11,-3
TurB1,B1,B,Tur,12,10.125
TurB1,B1,B,Tur,13,108.82142857142856
TurB1,B1,B,Tur,14,9.428571428571445
TurB1,B1,B,Tur,2,15.333333333333371
TurB1,B1,B,Tur,3,15.222222222222229
TurB1,B1,B,Tur,4,33.55555555555554
TurB1,B1,B,Tur,5,11
TurB1,B1,B,Tur,6,-9.333333333333314
TurB1,B1,B,Tur,7,6.888888888888857
TurB1,B1,B,Tur,8,44.55555555555554
TurB1,B1,B,Tur,9,20.22222222222223
TurB10,B10,B,Tur,0,0
TurB10,B10,B,Tur,1,48.366666666666674
TurB10,B10,B,Tur,10,56.77777777777783
TurB10,B10,B,Tur,11,86.66666666666663
TurB10,B10,B,Tur,12,6.25
TurB10,B10,B,Tur,13,10.75
TurB10,B10,B,Tur,14,80.125
TurB10,B10,B,Tur,2,67
TurB10,B10,B,Tur,3,30.555555555555543
TurB10,B10,B,Tur,4,8.111111111111086
TurB10,B10,B,Tur,5,16.22222222222223
TurB10,B10,B,Tur,6,26.444444444444457
TurB10,B10,B,Tur,7,-3.6666666666666856
TurB10,B10,B,Tur,8,13.111111111111143
TurB10,B10,B,Tur,9,38.111111111111086
TurB2,B2,B,Tur,0,0
TurB2,B2,B,Tur,1,107.75714285714281
TurB2,B2,B,Tur,10,65.14285714285711
TurB2,B2,B,Tur,11,-5.857142857142776
TurB2,B2,B,Tur,12,81.57142857142856
TurB2,B2,B,Tur,13,88.47619047619048
TurB2,B2,B,Tur,14,7.666666666666629
TurB2,B2,B,Tur,2,31.571428571428612
TurB2,B2,B,Tur,3,29.571428571428555
TurB2,B2,B,Tur,4,29.428571428571445
TurB2,B2,B,Tur,5,33.571428571428555
TurB2,B2,B,Tur,6,13.142857142857167
TurB2,B2,B,Tur,7,4.571428571428555
TurB2,B2,B,Tur,8,41.57142857142861
TurB2,B2,B,Tur,9,-21.285714285714334
TurB3,B3,B,Tur,0,0
TurB3,B3,B,Tur,1,8
TurB3,B3,B,Tur,10,22.900000000000034
TurB3,B3,B,Tur,11,31.95555555555552
TurB3,B3,B,Tur,12,59.56944444444446
TurB3,B3,B,Tur,13,47.125
TurB3,B3,B,Tur,14,1.125
TurB3,B3,B,Tur,2,15.600000000000023
TurB3,B3,B,Tur,3,-29.5
TurB3,B3,B,Tur,4,68.69999999999999
TurB3,B3,B,Tur,5,7
TurB3,B3,B,Tur,6,36.39999999999998
TurB3,B3,B,Tur,7,-1
TurB3,B3,B,Tur,8,-1.099999999999966
TurB3,B3,B,Tur,9,19.599999999999966
TurB4,B4,B,Tur,0,0
TurB4,B4,B,Tur,1,21.67500000000001
TurB4,B4,B,Tur,10,71
TurB4,B4,B,Tur,11,19
TurB4,B4,B,Tur,12,4.714285714285779
TurB4,B4,B,Tur,13,68.85714285714278
TurB4,B4,B,Tur,14,45.85714285714289
TurB4,B4,B,Tur,2,74.625
TurB4,B4,B,Tur,3,-7.5
TurB4,B4,B,Tur,4,41.75
TurB4,B4,B,Tur,5,-0.375
TurB4,B4,B,Tur,6,7.125
TurB4,B4,B,Tur,7,-0.5
TurB4,B4,B,Tur,8,31.5
TurB4,B4,B,Tur,9,42.14285714285711
TurB5,B5,B,Tur,0,0
TurB5,B5,B,Tur,1,45.57777777777778
TurB5,B5,B,Tur,10,64.33333333333337
TurB5,B5,B,Tur,11,44.66666666666663
TurB5,B5,B,Tur,12,11.666666666666742
TurB5,B5,B,Tur,13,68.8888888888888
TurB5,B5,B,Tur,14,-6.777777777777715
TurB5,B5,B,Tur,2,45.44444444444446
TurB5,B5,B,Tur,3,27.555555555555543
TurB5,B5,B,Tur,4,27.444444444444457
TurB5,B5,B,Tur,5,1.444444444444457
TurB5,B5,B,Tur,6,9.666666666666629
TurB5,B5,B,Tur,7,33.11111111111114
TurB5,B5,B,Tur,8,42.777777777777715
TurB5,B5,B,Tur,9,24.444444444444457
TurB6,B6,B,Tur,0,0
TurB6,B6,B,Tur,1,38.10000000000002
TurB6,B6,B,Tur,10,-6.800000000000011
TurB6,B6,B,Tur,11,0.8999999999999773
TurB6,B6,B,Tur,12,28.900000000000034
TurB6,B6,B,Tur,13,28.399999999999977
TurB6,B6,B,Tur,14,45.200000000000045
TurB6,B6,B,Tur,2,31.5
TurB6,B6,B,Tur,3,6.5
TurB6,B6,B,Tur,4,18.399999999999977
TurB6,B6,B,Tur,5,-3.1999999999999886
TurB6,B6,B,Tur,6,14.899999999999977
TurB6,B6,B,Tur,7,12.300000000000011
TurB6,B6,B,Tur,8,25.100000000000023
TurB6,B6,B,Tur,9,48.5
TurB7,B7,B,Tur,0,0
TurB7,B7,B,Tur,1,35
TurB7,B7,B,Tur,10,68.40000000000003
TurB7,B7,B,Tur,11,41.19999999999993
TurB7,B7,B,Tur,12,-34.60000000000002
TurB7,B7,B,Tur,13,28.81111111111113
TurB7,B7,B,Tur,14,1.8888888888889142
TurB7,B7,B,Tur,2,59.099999999999966
TurB7,B7,B,Tur,3,23.69999999999999
TurB7,B7,B,Tur,4,31.200000000000045
TurB7,B7,B,Tur,5,25
TurB7,B7,B,Tur,6,-8.800000000000011
TurB7,B7,B,Tur,7,-2.400000000000034
TurB7,B7,B,Tur,8,39.900000000000034
TurB7,B7,B,Tur,9,28.5
TurB8,B8,B,Tur,0,0
TurB8,B8,B,Tur,1,13.699999999999989
TurB8,B8,B,Tur,10,17.69999999999999
TurB8,B8,B,Tur,11,9.899999999999977
TurB8,B8,B,Tur,12,33.877777777777794
TurB8,B8,B,Tur,13,20.888888888888914
TurB8,B8,B,Tur,14,11.4444444444444
TurB8,B8,B,Tur,2,73.90000000000003
TurB8,B8,B,Tur,3,-7
TurB8,B8,B,Tur,4,13.599999999999966
TurB8,B8,B,Tur,5,10.5
TurB8,B8,B,Tur,6,32.400000000000034
TurB8,B8,B,Tur,7,-25.600000000000023
TurB8,B8,B,Tur,8,2.6000000000000227
TurB8,B8,B,Tur,9,28.5
TurB9,B9,B,Tur,0,0
TurB9,B9,B,Tur,1,71.80000000000001
TurB9,B9,B,Tur,10,49.80000000000001
TurB9,B9,B,Tur,11,11.199999999999989
TurB9,B9,B,Tur,12,10.300000000000068
TurB9,B9,B,Tur,13,0.09999999999990905
TurB9,B9,B,Tur,14,23.5
TurB9,B9,B,Tur,2,40.69999999999999
TurB9,B9,B,Tur,3,3.5
TurB9,B9,B,Tur,4,12.800000000000011
TurB9,B9,B,Tur,5,15.399999999999977
TurB9,B9,B,Tur,6,27.80000000000001
TurB9,B9,B,Tur,7,22
TurB9,B9,B,Tur,8,43.89999999999998
TurB9,B9,B,Tur,9,-13
TurC1,B1,C,Tur,0,0
TurC1,B1,C,Tur,1,68.09999999999997
TurC1,B1,C,Tur,10,51.19999999999999
TurC1,B1,C,Tur,11,53.200000000000045
TurC1,B1,C,Tur,12,56.69999999999993
TurC1,B1,C,Tur,13,33.5
TurC1,B1,C,Tur,14,-16.199999999999932
TurC1,B1,C,Tur,2,58.400000000000034
TurC1,B1,C,Tur,3,16.599999999999966
TurC1,B1,C,Tur,4,25.5
TurC1,B1,C,Tur,5,29.600000000000023
TurC1,B1,C,Tur,6,19.69999999999999
TurC1,B1,C,Tur,7,-7.099999999999966
TurC1,B1,C,Tur,8,22.399999999999977
TurC1,B1,C,Tur,9,16.19999999999999
TurC10,B10,C,Tur,0,0
TurC10,B10,C,Tur,1,56.10000000000002
TurC10,B10,C,Tur,10,66.44444444444446
TurC10,B10,C,Tur,11,52
TurC10,B10,C,Tur,12,41.33333333333337
TurC10,B10,C,Tur,13,1.555555555555543
TurC10,B10,C,Tur,14,24.777777777777715
TurC10,B10,C,Tur,2,60.67777777777775
TurC10,B10,C,Tur,3,25.666666666666686
TurC10,B10,C,Tur,4,24.77777777777777
TurC10,B10,C,Tur,5,21.333333333333314
TurC10,B10,C,Tur,6,-10.555555555555543
TurC10,B10,C,Tur,7,16
TurC10,B10,C,Tur,8,51
TurC10,B10,C,Tur,9,19.111111111111086
TurC2,B2,C,Tur,0,0
TurC2,B2,C,Tur,1,17.80000000000001
TurC2,B2,C,Tur,10,66.20000000000005
TurC2,B2,C,Tur,11,25
TurC2,B2,C,Tur,12,58.799999999999955
TurC2,B2,C,Tur,13,36.299999999999955
TurC2,B2,C,Tur,14,63.90000000000009
TurC2,B2,C,Tur,2,78.69999999999999
TurC2,B2,C,Tur,3,30.100000000000023
TurC2,B2,C,Tur,4,14.399999999999977
TurC2,B2,C,Tur,5,36.900000000000034
TurC2,B2,C,Tur,6,8.300000000000011
TurC2,B2,C,Tur,7,11
TurC2,B2,C,Tur,8,4.399999999999977
TurC2,B2,C,Tur,9,42
TurC3,B3,C,Tur,0,0
TurC3,B3,C,Tur,1,36
TurC3,B3,C,Tur,10,70.69999999999993
TurC3,B3,C,Tur,11,39.10000000000002
TurC3,B3,C,Tur,12,52.39999999999998
TurC3,B3,C,Tur,13,-16.5
TurC3,B3,C,Tur,14,13
TurC3,B3,C,Tur,2,52.69999999999999
TurC3,B3,C,Tur,3,45.89999999999998
TurC3,B3,C,Tur,4,9.800000000000011
TurC3,B3,C,Tur,5,8.600000000000023
TurC3,B3,C,Tur,6,31.69999999999999
TurC3,B3,C,Tur,7,28.30000000000001
TurC3,B3,C,Tur,8,-11.700000000000045
TurC3,B3,C,Tur,9,48.700000000000045
TurC4,B4,C,Tur,0,0
TurC4,B4,C,Tur,1,73.19999999999999
TurC4,B4,C,Tur,10,41.66666666666663
TurC4,B4,C,Tur,11,0.6666666666667425
TurC4,B4,C,Tur,12,53.55555555555554
TurC4,B4,C,Tur,13,62.33333333333326
TurC4,B4,C,Tur,14,0
TurC4,B4,C,Tur,2,67.10000000000002
TurC4,B4,C,Tur,3,-7.800000000000011
TurC4,B4,C,Tur,4,47.60000000000002
TurC4,B4,C,Tur,5,13.300000000000011
TurC4,B4,C,Tur,6,14.233333333333292
TurC4,B4,C,Tur,7,42.33333333333337
TurC4,B4,C,Tur,8,26.22222222222223
TurC4,B4,C,Tur,9,2.555555555555543
TurC5,B5,C,Tur,0,0
TurC5,B5,C,Tur,1,6.300000000000011
TurC5,B5,C,Tur,10,-7.222222222222172
TurC5,B5,C,Tur,11,19.888888888888914
TurC5,B5,C,Tur,12,78.55555555555554
TurC5,B5,C,Tur,13,10.666666666666629
TurC5,B5,C,Tur,14,17.77777777777783
TurC5,B5,C,Tur,2,52.111111111111086
TurC5,B5,C,Tur,3,26.77777777777783
TurC5,B5,C,Tur,4,34.333333333333314
TurC5,B5,C,Tur,5,7.7777777777777715
TurC5,B5,C,Tur,6,-7.555555555555543
TurC5,B5,C,Tur,7,20.22222222222223
TurC5,B5,C,Tur,8,49.111111111111086
TurC5,B5,C,Tur,9,73.88888888888886
TurC6,B6,C,Tur,0,0
TurC6,B6,C,Tur,1,61.5
TurC6,B6,C,Tur,10,40
TurC6,B6,C,Tur,11,1.2000000000000455
TurC6,B6,C,Tur,12,28.5
TurC6,B6,C,Tur,13,37.39999999999998
TurC6,B6,C,Tur,14,38.799999999999955
TurC6,B6,C,Tur,2,70.69999999999999
TurC6,B6,C,Tur,3,45.30000000000001
TurC6,B6,C,Tur,4,35.099999999999966
TurC6,B6,C,Tur,5,-14.799999999999955
TurC6,B6,C,Tur,6,-5.100000000000023
TurC6,B6,C,Tur,7,34.30000000000001
TurC6,B6,C,Tur,8,106.49999999999994
TurC6,B6,C,Tur,9,11.600000000000023
TurC7,B7,C,Tur,0,0
TurC7,B7,C,Tur,1,49.30000000000001
TurC7,B7,C,Tur,10,81.30000000000001
TurC7,B7,C,Tur,11,7.899999999999977
TurC7,B7,C,Tur,12,43.200000000000045
TurC7,B7,C,Tur,13,9.899999999999977
TurC7,B7,C,Tur,14,1.6000000000000227
TurC7,B7,C,Tur,2,48.599999999999966
TurC7,B7,C,Tur,3,14.900000000000034
TurC7,B7,C,Tur,4,35.69999999999999
TurC7,B7,C,Tur,5,0.6999999999999886
TurC7,B7,C,Tur,6,-0.6999999999999886
TurC7,B7,C,Tur,7,26.399999999999977
TurC7,B7,C,Tur,8,38.60000000000002
TurC7,B7,C,Tur,9,6.899999999999977
TurC8,B8,C,Tur,0,0
TurC8,B8,C,Tur,1,47.30000000000001
TurC8,B8,C,Tur,10,73.5
TurC8,B8,C,Tur,11,35.39999999999998
TurC8,B8,C,Tur,12,47.200000000000045
TurC8,B8,C,Tur,13,37.89999999999998
TurC8,B8,C,Tur,14,-27.299999999999955
TurC8,B8,C,Tur,2,63.19999999999999
TurC8,B8,C,Tur,3,37.60000000000002
TurC8,B8,C,Tur,4,19.399999999999977
TurC8,B8,C,Tur,5,16.5
TurC8,B8,C,Tur,6,29.700000000000045
TurC8,B8,C,Tur,7,-9.100000000000023
TurC8,B8,C,Tur,8,21.100000000000023
TurC8,B8,C,Tur,9,23.299999999999955
TurC9,B9,C,Tur,0,0
TurC9,B9,C,Tur,1,98.30000000000001
TurC9,B9,C,Tur,10,98.77777777777783
TurC9,B9,C,Tur,11,42.375
TurC9,B9,C,Tur,12,67.75
TurC9,B9,C,Tur,13,45.375
TurC9,B9,C,Tur,14,9.25
TurC9,B9,C,Tur,2,35.69999999999999
TurC9,B9,C,Tur,3,45.57777777777778
TurC9,B9,C,Tur,4,43.22222222222223
TurC9,B9,C,Tur,5,21.888888888888914
TurC9,B9,C,Tur,6,5
TurC9,B9,C,Tur,7,16
TurC9,B9,C,Tur,8,33.22222222222217
TurC9,B9,C,Tur,9,32.111111111111086
WorB1,B1,B,Wor,0,0
WorB1,B1,B,Wor,1,29.177777777777777
WorB1,B1,B,Wor,10,-9.888888888888914
WorB1,B1,B,Wor,11,28.666666666666686
WorB1,B1,B,Wor,12,25.444444444444457
WorB1,B1,B,Wor,13,0.11111111111108585
WorB1,B1,B,Wor,14,97.47222222222223
WorB1,B1,B,Wor,2,21.22222222222223
WorB1,B1,B,Wor,3,19.666666666666686
WorB1,B1,B,Wor,4,58
WorB1,B1,B,Wor,5,7.111111111111086
WorB1,B1,B,Wor,6,13.444444444444457
WorB1,B1,B,Wor,7,0.3333333333333144
WorB1,B1,B,Wor,8,21.555555555555543
WorB1,B1,B,Wor,9,39.33333333333337
WorB10,B10,B,Wor,0,0
WorB10,B10,B,Wor,1,28.98888888888888
WorB10,B10,B,Wor,10,101.375
WorB10,B10,B,Wor,11,-5.875
WorB10,B10,B,Wor,12,11.75
WorB10,B10,B,Wor,13,33
WorB10,B10,B,Wor,14,33.125
WorB10,B10,B,Wor,2,37.111111111111114
WorB10,B10,B,Wor,3,22.875
WorB10,B10,B,Wor,4,29.5
WorB10,B10,B,Wor,5,23.5
WorB10,B10,B,Wor,6,10.75
WorB10,B10,B,Wor,7,9.25
WorB10,B10,B,Wor,8,11.625
WorB10,B10,B,Wor,9,4.125
WorB2,B2,B,Wor,0,0
WorB2,B2,B,Wor,1,56.24285714285716
WorB2,B2,B,Wor,10,-10.142857142857167
WorB2,B2,B,Wor,11,16.85714285714289
WorB2,B2,B,Wor,12,32.14285714285711
WorB2,B2,B,Wor,13,-21.857142857142833
WorB2,B2,B,Wor,14,20.857142857142833
WorB2,B2,B,Wor,2,15.857142857142833
WorB2,B2,B,Wor,3,-2.428571428571445
WorB2,B2,B,Wor,4,2.142857142857167
WorB2,B2,B,Wor,5,9.571428571428555
WorB2,B2,B,Wor,6,1.5714285714285552
WorB2,B2,B,Wor,7,42.285714285714334
WorB2,B2,B,Wor,8,-0.571428571428612
WorB2,B2,B,Wor,9,48.14285714285717
WorB3,B3,B,Wor,0,0
WorB3,B3,B,Wor,1,43.80000000000001
WorB3,B3,B,Wor,10,12
WorB3,B3,B,Wor,11,49.799999999999955
WorB3,B3,B,Wor,12,58.200000000000045
WorB3,B3,B,Wor,13,64
WorB3,B3,B,Wor,14,30.5
WorB3,B3,B,Wor,2,14.399999999999977
WorB3,B3,B,Wor,3,12.800000000000011
WorB3,B3,B,Wor,4,47.5
WorB3,B3,B,Wor,5,21.400000000000034
WorB3,B3,B,Wor,6,22.5
WorB3,B3,B,Wor,7,9.199999999999989
WorB3,B3,B,Wor,8,3.599999999999966
WorB3,B3,B,Wor,9,40.700000000000045
WorB4,B4,B,Wor,0,0
WorB4,B4,B,Wor,1,39.78888888888889
WorB4,B4,B,Wor,10,39.75
WorB4,B4,B,Wor,11,3.5
WorB4,B4,B,Wor,12,13.25
WorB4,B4,B,Wor,13,-0.5
WorB4,B4,B,Wor,14,35.25
WorB4,B4,B,Wor,2,21.666666666666657
WorB4,B4,B,Wor,3,9.666666666666686
WorB4,B4,B,Wor,4,19.666666666666686
WorB4,B4,B,Wor,5,2.8888888888888573
WorB4,B4,B,Wor,6,9.444444444444457
WorB4,B4,B,Wor,7,35.27777777777777
WorB4,B4,B,Wor,8,3.75
WorB4,B4,B,Wor,9,37.75
WorB5,B5,B,Wor,0,0
WorB5,B5,B,Wor,1,83.19999999999999
WorB5,B5,B,Wor,10,34.60000000000002
WorB5,B5,B,Wor,11,9.399999999999977
WorB5,B5,B,Wor,12,4.399999999999977
WorB5,B5,B,Wor,13,82.70000000000005
WorB5,B5,B,Wor,14,30.199999999999932
WorB5,B5,B,Wor,2,26
WorB5,B5,B,Wor,3,12.300000000000011
WorB5,B5,B,Wor,4,12.399999999999977
WorB5,B5,B,Wor,5,23
WorB5,B5,B,Wor,6,15.300000000000011
WorB5,B5,B,Wor,7,24.80000000000001
WorB5,B5,B,Wor,8,22.19999999999999
WorB5,B5,B,Wor,9,52.10000000000002
WorB6,B6,B,Wor,0,0
WorB6,B6,B,Wor,1,38.65555555555554
WorB6,B6,B,Wor,10,30.22222222222223
WorB6,B6,B,Wor,11,-12.333333333333314
WorB6,B6,B,Wor,12,87.25
WorB6,B6,B,Wor,13,47.25
WorB6,B6,B,Wor,14,56.75
WorB6,B6,B,Wor,2,36.11111111111114
WorB6,B6,B,Wor,3,26.66666666666663
WorB6,B6,B,Wor,4,20.5555555555556
WorB6,B6,B,Wor,5,21.111111111111086
WorB6,B6,B,Wor,6,-4.555555555555543
WorB6,B6,B,Wor,7,16.111111111111086
WorB6,B6,B,Wor,8,6.888888888888914
WorB6,B6,B,Wor,9,12.666666666666629
WorB7,B7,B,Wor,0,0
WorB7,B7,B,Wor,1,7.299999999999983
WorB7,B7,B,Wor,10,29.666666666666686
WorB7,B7,B,Wor,11,-14.333333333333371
WorB7,B7,B,Wor,12,30.83333333333337
WorB7,B7,B,Wor,13,27.5
WorB7,B7,B,Wor,14,-30.83333333333337
WorB7,B7,B,Wor,2,29.30000000000001
WorB7,B7,B,Wor,3,7.599999999999994
WorB7,B7,B,Wor,4,26.30000000000001
WorB7,B7,B,Wor,5,2.5999999999999943
WorB7,B7,B,Wor,6,54.77777777777777
WorB7,B7,B,Wor,7,8.444444444444457
WorB7,B7,B,Wor,8,62.634920634920604
WorB7,B7,B,Wor,9,34.64285714285717
WorB8,B8,B,Wor,0,0
WorB8,B8,B,Wor,1,78.90000000000003
WorB8,B8,B,Wor,10,43.11111111111114
WorB8,B8,B,Wor,11,20.555555555555543
WorB8,B8,B,Wor,12,40.44444444444446
WorB8,B8,B,Wor,13,34.55555555555554
WorB8,B8,B,Wor,14,-18.444444444444457
WorB8,B8,B,Wor,2,32.01111111111106
WorB8,B8,B,Wor,3,21.5555555555556
WorB8,B8,B,Wor,4,7
WorB8,B8,B,Wor,5,30.22222222222223
WorB8,B8,B,Wor,6,13.222222222222172
WorB8,B8,B,Wor,7,-4.333333333333314
WorB8,B8,B,Wor,8,39.55555555555554
WorB8,B8,B,Wor,9,21.33333333333337
WorB9,B9,B,Wor,0,0
WorB9,B9,B,Wor,1,-6.600000000000023
WorB9,B9,B,Wor,10,38.125
WorB9,B9,B,Wor,11,5.25
WorB9,B9,B,Wor,12,28.625
WorB9,B9,B,Wor,13,-34.75
WorB9,B9,B,Wor,14,33.375
WorB9,B9,B,Wor,2,40.60000000000002
WorB9,B9,B,Wor,3,5
WorB9,B9,B,Wor,4,38.97777777777776
WorB9,B9,B,Wor,5,11.111111111111143
WorB9,B9,B,Wor,6,46.22222222222217
WorB9,B9,B,Wor,7,-30.77777777777777
WorB9,B9,B,Wor,8,15.333333333333371
WorB9,B9,B,Wor,9,25.833333333333314
WorC1,B1,C,Wor,0,0
WorC1,B1,C,Wor,1,27.69999999999999
WorC1,B1,C,Wor,10,12.5
WorC1,B1,C,Wor,11,-22.600000000000023
WorC1,B1,C,Wor,12,55
WorC1,B1,C,Wor,13,20.600000000000023
WorC1,B1,C,Wor,14,-4
WorC1,B1,C,Wor,2,30.30000000000001
WorC1,B1,C,Wor,3,16.30000000000001
WorC1,B1,C,Wor,4,29.600000000000023
WorC1,B1,C,Wor,5,-0.7000000000000455
WorC1,B1,C,Wor,6,20.200000000000045
WorC1,B1,C,Wor,7,9.699999999999989
WorC1,B1,C,Wor,8,10.399999999999977
WorC1,B1,C,Wor,9,51.80000000000001
WorC10,B10,C,Wor,0,0
WorC10,B10,C,Wor,1,22.700000000000017
WorC10,B10,C,Wor,10,35.19999999999999
WorC10,B10,C,Wor,11,35.5
WorC10,B10,C,Wor,12,-14.199999999999989
WorC10,B10,C,Wor,13,61.799999999999955
WorC10,B10,C,Wor,14,16.200000000000045
WorC10,B10,C,Wor,2,43.30000000000001
WorC10,B10,C,Wor,3,18.399999999999977
WorC10,B10,C,Wor,4,23.899999999999977
WorC10,B10,C,Wor,5,18.400000000000034
WorC10,B10,C,Wor,6,3.6999999999999886
WorC10,B10,C,Wor,7,4.399999999999977
WorC10,B10,C,Wor,8,26.900000000000034
WorC10,B10,C,Wor,9,44.19999999999999
WorC2,B2,C,Wor,0,0
WorC2,B2,C,Wor,1,27.700000000000017
WorC2,B2,C,Wor,10,4.5
WorC2,B2,C,Wor,11,25.5
WorC2,B2,C,Wor,12,80.69999999999999
WorC2,B2,C,Wor,13,-33
WorC2,B2,C,Wor,14,9.599999999999966
WorC2,B2,C,Wor,2,9
WorC2,B2,C,Wor,3,43.29999999999998
WorC2,B2,C,Wor,4,4.100000000000023
WorC2,B2,C,Wor,5,26.099999999999966
WorC2,B2,C,Wor,6,4.800000000000011
WorC2,B2,C,Wor,7,20.69999999999999
WorC2,B2,C,Wor,8,3.7000000000000455
WorC2,B2,C,Wor,9,14
WorC3,B3,C,Wor,0,0
WorC3,B3,C,Wor,1,29.80000000000001
WorC3,B3,C,Wor,10,37.89999999999998
WorC3,B3,C,Wor,11,24
WorC3,B3,C,Wor,12,28.300000000000068
WorC3,B3,C,Wor,13,12.299999999999955
WorC3,B3,C,Wor,14,62.700000000000045
WorC3,B3,C,Wor,2,44.80000000000001
WorC3,B3,C,Wor,3,29.899999999999977
WorC3,B3,C,Wor,4,-16.600000000000023
WorC3,B3,C,Wor,5,52.200000000000045
WorC3,B3,C,Wor,6,10.899999999999977
WorC3,B3,C,Wor,7,6.199999999999989
WorC3,B3,C,Wor,8,31.19999999999999
WorC3,B3,C,Wor,9,42.10000000000002
WorC4,B4,C,Wor,0,0
WorC4,B4,C,Wor,1,32.19999999999999
WorC4,B4,C,Wor,10,40.80000000000001
WorC4,B4,C,Wor,11,2.6000000000000227
WorC4,B4,C,Wor,12,55.099999999999966
WorC4,B4,C,Wor,13,31.900000000000034
WorC4,B4,C,Wor,14,52.299999999999955
WorC4,B4,C,Wor,2,53
WorC4,B4,C,Wor,3,16.100000000000023
WorC4,B4,C,Wor,4,14.399999999999977
WorC4,B4,C,Wor,5,0
WorC4,B4,C,Wor,6,9.699999999999989
WorC4,B4,C,Wor,7,37.80000000000001
WorC4,B4,C,Wor,8,2.8999999999999773
WorC4,B4,C,Wor,9,19.30000000000001
WorC5,B5,C,Wor,0,0
WorC5,B5,C,Wor,1,4.399999999999977
WorC5,B5,C,Wor,10,58.111111111111086
WorC5,B5,C,Wor,11,22.888888888888914
WorC5,B5,C,Wor,12,21.888888888888857
WorC5,B5,C,Wor,13,25
WorC5,B5,C,Wor,14,33.222222222222285
WorC5,B5,C,Wor,2,40.60000000000002
WorC5,B5,C,Wor,3,50.69999999999999
WorC5,B5,C,Wor,4,18.22222222222223
WorC5,B5,C,Wor,5,17.444444444444457
WorC5,B5,C,Wor,6,-4.666666666666686
WorC5,B5,C,Wor,7,9.333333333333314
WorC5,B5,C,Wor,8,27.5555555555556
WorC5,B5,C,Wor,9,32.77777777777777
WorC6,B6,C,Wor,0,0
WorC6,B6,C,Wor,1,30
WorC6,B6,C,Wor,10,34.099999999999966
WorC6,B6,C,Wor,11,26.100000000000023
WorC6,B6,C,Wor,12,76.90000000000003
WorC6,B6,C,Wor,13,16.59999999999991
WorC6,B6,C,Wor,14,18.40000000000009
WorC6,B6,C,Wor,2,57.49999999999997
WorC6,B6,C,Wor,3,14.800000000000011
WorC6,B6,C,Wor,4,49.900000000000034
WorC6,B6,C,Wor,5,-4.7000000000000455
WorC6,B6,C,Wor,6,7.100000000000023
WorC6,B6,C,Wor,7,23
WorC6,B6,C,Wor,8,37.69999999999999
WorC6,B6,C,Wor,9,27.900000000000034
WorC7,B7,C,Wor,0,0
WorC7,B7,C,Wor,1,49
WorC7,B7,C,Wor,10,49.60000000000002
WorC7,B7,C,Wor,11,2.3999999999999773
WorC7,B7,C,Wor,12,68
WorC7,B7,C,Wor,13,0.39999999999997726
WorC7,B7,C,Wor,14,39.200000000000045
WorC7,B7,C,Wor,2,41.30000000000001
WorC7,B7,C,Wor,3,13.300000000000011
WorC7,B7,C,Wor,4,27.399999999999977
WorC7,B7,C,Wor,5,13.300000000000011
WorC7,B7,C,Wor,6,16.5
WorC7,B7,C,Wor,7,9.199999999999989
WorC7,B7,C,Wor,8,24
WorC7,B7,C,Wor,9,5.800000000000011
WorC8,B8,C,Wor,0,0
WorC8,B8,C,Wor,1,38.80000000000001
WorC8,B8,C,Wor,10,43
WorC8,B8,C,Wor,11,0
WorC8,B8,C,Wor,12,44.599999999999966
WorC8,B8,C,Wor,13,30.57777777777784
WorC8,B8,C,Wor,14,-29.77777777777783
WorC8,B8,C,Wor,2,77.10000000000002
WorC8,B8,C,Wor,3,-12.900000000000034
WorC8,B8,C,Wor,4,2
WorC8,B8,C,Wor,5,3.6000000000000227
WorC8,B8,C,Wor,6,31.30000000000001
WorC8,B8,C,Wor,7,-5.800000000000011
WorC8,B8,C,Wor,8,47.599999999999966
WorC8,B8,C,Wor,9,31.700000000000045
WorC9,B9,C,Wor,0,0
WorC9,B9,C,Wor,1,76.5
WorC9,B9,C,Wor,10,15.899999999999977
WorC9,B9,C,Wor,11,40.60000000000002
WorC9,B9,C,Wor,12,98.70000000000005
WorC9,B9,C,Wor,13,8.799999999999955
WorC9,B9,C,Wor,14,57.39999999999998
WorC9,B9,C,Wor,2,40.19999999999999
WorC9,B9,C,Wor,3,18.30000000000001
WorC9,B9,C,Wor,4,-3.1000000000000227
WorC9,B9,C,Wor,5,42.900000000000034
WorC9,B9,C,Wor,6,19.30000000000001
WorC9,B9,C,Wor,7,31.5
WorC9,B9,C,Wor,8,47.69999999999993
WorC9,B9,C,Wor,9,8.200000000000045
